"","Time","A1","M1","F1","A2","M2","F2","C","Cycle","Phase"
"1",0,1e+05,1e+07,0,0,0,1e+07,1e+09,1,"conj"
"2",0.01,100471.287128713,10061683.1683168,0,0.0241584158415842,0.0164356435643564,10060098.9693069,999877746.534653,1,"conj"
"3",0.02,100944.794799785,10123746.7428262,0,0.048690386843083,0.0331734131887123,10120559.0538168,999754749.326693,1,"conj"
"4",0.03,101420.533469298,10186193.0685888,0,0.0736004644705597,0.0502176237773019,10181382.4224454,999631003.851678,1,"conj"
"5",0.04,101898.5136425,10249024.5051097,0,0.0988932516224989,0.0675726467724649,10242571.2571238,999506505.557658,1,"conj"
"6",0.05,102378.745874034,10312243.4264275,0,0.124573403194085,0.085242910868464,10304127.7528767,999381249.865005,1,"conj"
"7",0.06,102861.240768167,10375852.2212032,0,0.15064562664759,0.103232902734157,10366054.1179007,999255232.166249,1,"conj"
"8",0.07,103346.008979026,10439853.2928105,0,0.177114682588945,0.121547167744629,10428352.573643,999128447.825906,1,"conj"
"9",0.08,103833.061210831,10504249.0594263,0,0.203985385350546,0.140190310721903,10491025.3548811,999000892.180306,1,"conj"
"10",0.09,104322.408218127,10569041.9541213,0,0.231262603580379,0.159166996684827,10554074.7098024,998872560.537429,1,"conj"
"11",0.1,104814.060806025,10634234.4249519,0,0.25895126083752,0.178481951608263,10617502.9000847,998743448.176724,1,"conj"
"12",0.11,105308.029830432,10699828.9350523,0,0.287056336194082,0.19813996319169,10681312.2009768,998613550.348944,1,"conj"
"13",0.12,105804.326198293,10765827.9627273,0,0.315582864843685,0.218145881637324,10745504.90138,998482862.275966,1,"conj"
"14",0.13,106302.960867833,10832234.001545,0,0.344535938716503,0.238504620437891,10810083.3039294,998351379.150617,1,"conj"
"15",0.14,106803.944848789,10899049.5604315,0,0.373920707100977,0.259221157174161,10875049.7250769,998219096.136501,1,"conj"
"16",0.15,107307.289202658,10966277.1637647,0,0.403742377272257,0.28030053432236,10940406.4951732,998086008.367817,1,"conj"
"17",0.16,107813.00504294,11033919.3514694,0,0.434006215127437,0.301747860071588,11006155.9585514,997952110.949182,1,"conj"
"18",0.17,108321.103535374,11101978.6791129,0,0.464717545827682,0.323568309151368,11072300.4736108,997817398.955455,1,"conj"
"19",0.18,108831.59589819,11170457.7180014,0,0.495881754447285,0.345767123669437,11138842.4129009,997681867.431551,1,"conj"
"20",0.19,109344.493402354,11239359.0552762,0,0.52750428662976,0.368349613959918,11205784.1632062,997545511.392261,1,"conj"
"21",0.2,109859.807371811,11308685.2940118,0,0.559590649251032,0.391321159442001,11273128.1256315,997408325.822073,1,"conj"
"22",0.21,110377.549183735,11378439.0533129,0,0.592146411089802,0.414687209489249,11340876.7156876,997270305.674982,1,"conj"
"23",0.22,110897.730268779,11448622.9684138,0,0.625177203505161,0.438453284309672,11409032.3633775,997131445.874309,1,"conj"
"24",0.23,111420.362111327,11519239.690777,0,0.658688721121541,0.462624975836697,11477597.5132832,996991741.312515,1,"conj"
"25",0.24,111945.45624974,11590291.8881931,0,0.692686722521073,0.487207948631165,11546574.6246531,996851186.851009,1,"conj"
"26",0.25,112473.024276615,11661782.2448813,0,0.727177030943433,0.512207940794494,11615966.1714898,996709777.319967,1,"conj"
"27",0.26,113003.077839034,11733713.4615899,0,0.76216553499326,0.53763076489315,11685774.6426379,996567507.518137,1,"conj"
"28",0.27,113535.628638823,11806088.2556986,0,0.797658189355221,0.563482308894544,11756002.5418739,996424372.212648,1,"conj"
"29",0.28,114070.688432804,11878909.36132,0,0.833661015516817,0.589768537114527,11826652.3879944,996280366.138823,1,"conj"
"30",0.29,114608.269033056,11952179.529403,0,0.870180102499001,0.616495491176596,11897726.714907,996135483.999982,1,"conj"
"31",0.3,115148.382307172,12025901.5278357,0,0.907221607594691,0.643669290982975,11969228.07172,995989720.467246,1,"conj"
"32",0.31,115691.040178519,12100078.14155,0,0.94479175711528,0.671296135697702,12041159.0228341,995843070.17935,1,"conj"
"33",0.32,116236.254626501,12174712.1726262,0,0.98289684714521,0.699382304741879,12113522.1480333,995695527.742435,1,"conj"
"34",0.33,116784.037686815,12249806.440398,0,1.02154324430471,0.727934158801236,12186320.0425771,995547087.729861,1,"conj"
"35",0.34,117334.401451723,12325363.7815591,0,1.06073738652075,0.756958140846144,12259555.3172938,995397744.682,1,"conj"
"36",0.35,117887.35807031,12401387.0502695,0,1.10048578380641,0.786460777164255,12333230.5986725,995247493.106041,1,"conj"
"37",0.36,118442.919748753,12477879.1182627,0,1.14079501904856,0.816448678405895,12407348.5289579,995096327.475787,1,"conj"
"38",0.37,119001.098750587,12554842.874954,0,1.18167174880414,0.846928540642396,12481911.7662439,994944242.231451,1,"conj"
"39",0.38,119561.907396975,12632281.2275492,0,1.22312270410502,0.8779071464375,12556922.9845691,994791231.779455,1,"conj"
"40",0.39,120125.358066973,12710197.1011532,0,1.26515469127154,0.909391365932009,12632384.8740113,994637290.492223,1,"conj"
"41",0.4,120691.463197808,12788593.438881,0,1.30777459273488,0.941388157941848,12708300.1407844,994482412.707974,1,"conj"
"42",0.41,121260.235285143,12867473.2019674,0,1.35098936786828,0.973904571069686,12784671.5073345,994326592.730519,1,"conj"
"43",0.42,121831.686883356,12946839.3698788,0,1.39480605382726,1.0069477448303,12861501.712437,994169824.829047,1,"conj"
"44",0.43,122405.83060581,13026694.9404252,0,1.43923176639892,1.04052491078985,12938793.5112944,994012103.237918,1,"conj"
"45",0.44,122982.679125132,13107042.9298727,0,1.4842737008604,1.07464339371922,13016549.6756348,993853422.15645,1,"conj"
"46",0.45,123562.24517349,13187886.3730569,0,1.52993913284665,1.1093106127616,13094772.9938104,993693775.748709,1,"conj"
"47",0.46,124144.541542867,13269228.3234971,0,1.5762354192275,1.14453408261452,13173466.2708971,993533158.143293,1,"conj"
"48",0.47,124729.581085348,13351071.8535109,0,1.62316999899432,1.18032141472646,13252632.3287947,993371563.433118,1,"conj"
"49",0.48,125317.376713395,13433420.0543297,0,1.67075039415614,1.21668031850821,13332274.0063275,993208985.675199,1,"conj"
"50",0.49,125907.941400133,13516276.0362151,0,1.71898421064551,1.25361860255928,13412394.1593454,993045418.890437,1,"conj"
"51",0.5,126501.28817963,13599642.9285752,0,1.76787913923414,1.29114417590935,13492995.6608258,992880857.063396,1,"conj"
"52",0.51,127097.430147187,13683523.8800828,0,1.81744295645843,1.32926504927511,13574081.4009761,992715294.142086,1,"conj"
"53",0.52,127696.380459618,13767922.0587933,0,1.86768352555496,1.36798933633259,13655654.287337,992548724.037737,1,"conj"
"54",0.53,128298.152335542,13852840.6522641,0,1.91860879740615,1.40732525500523,13737717.2448858,992381140.624581,1,"conj"
"55",0.54,128902.759055671,13938282.8676739,0,1.97022681149602,1.4472811287678,13820273.2161407,992212537.739622,1,"conj"
"56",0.55,129510.213963101,14024251.9319437,0,2.02254569687641,1.48786538796644,13903325.1612661,992042909.182416,1,"conj"
"57",0.56,130120.530463599,14110751.0918573,0,2.07557367314352,1.529086571155,13986876.0581778,991872248.714841,1,"conj"
"58",0.57,130733.722025902,14197783.6141843,0,2.12931905142501,1.57095332644786,14070928.9026494,991700550.060868,1,"conj"
"59",0.58,131349.802182007,14285352.7858017,0,2.18379023537784,1.61347441288945,14155486.7084187,991527806.906333,1,"conj"
"60",0.59,131968.784527469,14373461.9138182,0,2.23899572219676,1.65665870184062,14240552.5072957,991354012.898704,1,"conj"
"61",0.6,132590.682721697,14462114.325698,0,2.29494410363375,1.7005151783822,14326129.3492703,991179161.646851,1,"conj"
"62",0.61,133215.510488253,14551313.3693859,0,2.3516440670285,1.74505294273579,14412220.3026209,991003246.720808,1,"conj"
"63",0.62,133843.281615147,14641062.4134328,0,2.40910439634989,1.79028121170214,14498828.4540244,990826261.651542,1,"conj"
"64",0.63,134474.009955148,14731364.8471228,0,2.46733397324887,1.83620932011723,14585956.9086654,990648199.930713,1,"conj"
"65",0.64,135107.709426077,14822224.0805996,0,2.52634177812254,1.88284672232628,14673608.7903472,990469055.010439,1,"conj"
"66",0.65,135744.394011114,14913643.5449953,0,2.58613689118984,1.93020299367606,14761787.2416036,990288820.30305,1,"conj"
"67",0.66,136384.077759107,15005626.6925591,0,2.64672849357877,1.97828783202543,14850495.42381,990107489.180856,1,"conj"
"68",0.67,137026.774784871,15098176.9967863,0,2.70812586842537,2.02711105927462,14939736.5172967,989925054.975895,1,"conj"
"69",0.68,137672.499269503,15191297.9525495,0,2.77033840198457,2.07668262291335,15029513.7214619,989741510.979698,1,"conj"
"70",0.69,138321.26546069,15284993.0762296,0,2.83337558475296,2.12701259758799,15119830.2548861,989556850.443035,1,"conj"
"71",0.7,138973.087673016,15379265.9058474,0,2.89724701260376,2.17811118668807,15210689.3554461,989371066.575675,1,"conj"
"72",0.71,139627.980288278,15474120.0011967,0,2.96196238793397,2.22998872395235,15302094.2804309,989184152.546133,1,"conj"
"73",0.72,140285.957755801,15569558.9439782,0,3.0275315208239,2.28265567509464,15394048.3066577,988996101.481421,1,"conj"
"74",0.73,140947.034592749,15665586.3379334,0,3.09396433020925,2.3361226394497,15486554.7305883,988806906.466799,1,"conj"
"75",0.74,141611.225384443,15762205.8089802,0,3.16127084506574,2.39040035163942,15579616.8684467,988616560.545517,1,"conj"
"76",0.75,142278.544784684,15859421.0053489,0,3.22946120560664,2.44549968325947,15673238.0563373,988425056.718568,1,"conj"
"77",0.76,142949.007516063,15957235.5977189,0,3.2985456644931,2.50143164458681,15767421.6503637,988232387.944424,1,"conj"
"78",0.77,143622.628370293,16055653.279357,0,3.36853458805757,2.55820738630818,15862171.0267479,988038547.138783,1,"conj"
"79",0.78,144299.422208523,16154677.7662552,0,3.43943845754047,2.61583820126991,15957489.5819511,987843527.174309,1,"conj"
"80",0.79,144979.403961665,16254312.7972709,0,3.51126787034005,2.67433552624923,16053380.7327941,987647320.88037,1,"conj"
"81",0.8,145662.588630721,16354562.1342667,0,3.58403354127593,2.7337109437475,16149847.9165794,987449921.042779,1,"conj"
"82",0.81,146348.991287109,16455429.5622516,0,3.65774630386602,2.79397618380537,16246894.591213,987251320.403526,1,"conj"
"83",0.82,147038.627072989,16556918.8895231,0,3.73241711161742,2.85514312584046,16344524.2353283,987051511.660515,1,"conj"
"84",0.83,147731.511201597,16659033.94781,0,3.80805703933111,2.91722380050753,16442740.3484093,986850487.467298,1,"conj"
"85",0.84,148427.658957574,16761778.5924162,0,3.88467728442074,2.98023039158164,16541546.4509155,986648240.432803,1,"conj"
"86",0.85,149127.085697301,16865156.7023652,0,3.96228916824561,3.04417523786441,16640946.0844068,986444763.121066,1,"conj"
"87",0.86,149829.80684923,16969172.1805457,0,4.04090413745808,3.10907083511385,16740942.8116703,986240048.05096,1,"conj"
"88",0.87,150535.837914223,17073828.9538578,0,4.12053376536539,3.17492983799786,16841540.2168464,986034087.695918,1,"conj"
"89",0.88,151245.194465891,17179130.9733605,0,4.20118975330628,3.24176506207178,16942741.9055567,985826874.483662,1,"conj"
"90",0.89,151957.892150929,17285082.2144195,0,4.28288393204233,3.30958948578034,17044551.5050321,985618400.795924,1,"conj"
"91",0.9,152673.94668946,17391686.6768567,0,4.3656282631644,3.37841625248417,17146972.6642421,985408658.968167,1,"conj"
"92",0.91,153393.373875375,17498948.3851,0,4.4494348405141,3.44825867251126,17250009.0540247,985197641.289307,1,"conj"
"93",0.92,154116.18957668,17606871.3883339,0,4.53431589162069,3.51913022523374,17353664.3672164,984985340.001427,1,"conj"
"94",0.93,154842.409735839,17715459.7606519,0,4.62028377915337,3.59104456117009,17457942.3187846,984771747.2995,1,"conj"
"95",0.94,155572.050370119,17824717.6012085,0,4.70735100238928,3.66401550411328,17562846.6459586,984556855.331097,1,"conj"
"96",0.95,156305.127571946,17934649.0343735,0,4.79553019869726,3.73805705328508,17668381.1083634,984340656.196104,1,"conj"
"97",0.96,157041.657509246,18045258.2098863,0,4.88483414503764,3.81318338551689,17774549.4881533,984123141.946434,1,"conj"
"98",0.97,157781.656425804,18156549.3030113,0,4.97527575947814,3.88940885745729,17881355.590146,983904304.585733,1,"conj"
"99",0.98,158525.140641613,18268526.5146945,0,5.0668681027261,3.96674800780691,17988803.2419582,983684136.06909,1,"conj"
"100",0.99,159272.126553231,18381194.0717214,0,5.15962437967724,4.04521555958059,18096896.2941419,983462628.302744,1,"conj"
"101",1,160022.630634138,18494556.2268743,0,5.25355794098107,4.12482642239752,18205638.620321,983239773.143786,1,"conj"
"102",1.01,160776.669435094,18608617.2590929,0,5.34868228462319,4.2055956947994,18315034.117329,983015562.399865,1,"conj"
"103",1.02,161534.259584496,18723381.4736335,0,5.44501105752455,4.28753866659724,18425086.705348,982789987.828884,1,"conj"
"104",1.03,162295.417788745,18838853.2022313,0,5.54255805715801,4.37067082124686,18535800.3280477,982563041.138703,1,"conj"
"105",1.04,163060.160832605,18955036.8032618,0,5.64133723318229,4.45500783825371,18647178.9527256,982334713.986835,1,"conj"
"106",1.05,163828.505579569,19071936.6619047,0,5.74136268909343,4.5405655956072,18759226.570448,982104997.980139,1,"conj"
"107",1.06,164600.468972226,19189557.1903078,0,5.84264868389416,4.62736017224489,18871947.1961922,981873884.674519,1,"conj"
"108",1.07,165376.068032629,19307902.8277524,0,5.9452096337811,4.71540785054713,18985344.8689888,981641365.574609,1,"conj"
"109",1.08,166155.319862664,19426978.0408194,0,6.04906011385023,4.80472511886212,19099423.6520654,981407432.133467,1,"conj"
"110",1.09,166938.241644425,19546787.323557,0,6.15421485982064,4.89532867406223,19214187.6329911,981172075.752264,1,"conj"
"111",1.1,167724.85064058,19667335.1976482,0,6.26068876977688,4.98723542413155,19329640.9238216,980935287.779966,1,"conj"
"112",1.11,168515.164194756,19788626.212581,0,6.36849690593003,5.08046249078532,19445787.6612451,980697059.51302,1,"conj"
"113",1.12,169309.199731906,19910664.9458182,0,6.47765449639772,5.17502721212155,19562632.0067298,980457382.195038,1,"conj"
"114",1.13,170106.974758694,20033456.0029687,0,6.58817693700332,5.27094714530511,19680178.1466714,980216247.016477,1,"conj"
"115",1.14,170908.506863873,20157004.0179603,0,6.70007979309448,5.36824006928491,19798430.2925417,979973645.114314,1,"conj"
"116",1.15,171713.813718664,20281313.6532129,0,6.81337880138123,5.46692398754436,19917392.6810384,979729567.571727,1,"conj"
"117",1.16,172522.913077146,20406389.5998131,0,6.92808987179385,5.56701713088569,20037069.5742356,979484005.417767,1,"conj"
"118",1.17,173335.822776635,20532236.5776896,0,7.04422908936075,5.66853796024836,20157465.2597348,979236949.627032,1,"conj"
"119",1.18,174152.560738074,20658859.33579,0,7.16181271610651,5.77150516956218,20278584.0508179,978988391.119336,1,"conj"
"120",1.19,174973.144966423,20786262.6522587,0,7.28085719297037,5.87593768863535,20400430.2865994,978738320.759381,1,"conj"
"121",1.2,175797.593551046,20914451.3346152,0,7.40137914174534,5.9818546860781,20523008.3321811,978486729.356419,1,"conj"
"122",1.21,176625.924666106,21043430.2199344,0,7.52339536703815,6.08927557226205,20646322.5788071,978233607.663921,1,"conj"
"123",1.22,177458.15657096,21173204.1750272,0,7.64692285825032,6.19822000231606,20770377.4440192,977978946.37924,1,"conj"
"124",1.23,178294.307610553,21303778.096623,0,7.77197879158046,6.30870787915873,20895177.3718141,977722736.143266,1,"conj"
"125",1.24,179134.396215816,21435156.9115525,0,7.89858053204821,6.42075935656817,21020726.8328011,977464967.540091,1,"conj"
"126",1.25,179978.440904065,21567345.5769321,0,8.0267456355398,6.53439484228946,21147030.3243607,977205631.096663,1,"conj"
"127",1.26,180826.460279405,21700349.0803492,0,8.15649185087573,6.6496350011802,21274092.3708039,976944717.282441,1,"conj"
"128",1.27,181678.47303313,21834172.4400491,0,8.28783712190061,6.76650075839466,21401917.5235333,976682216.509047,1,"conj"
"129",1.28,182534.497944131,21968820.705122,0,8.42079958959548,6.88501330260707,21530510.3612042,976418119.129917,1,"conj"
"130",1.29,183394.553879301,22104298.9556923,0,8.55539759421283,7.00519408927436,21659875.4898871,976152415.43995,1,"conj"
"131",1.3,184258.659793942,22240612.3031085,0,8.69164967743462,7.12706484393896,21790017.5432312,975885095.675152,1,"conj"
"132",1.31,185126.834732181,22377765.890134,0,8.82957458455339,7.25064756557217,21920941.1826286,975616150.012283,1,"conj"
"133",1.32,185999.097827375,22515764.8911394,0,8.9691912666769,7.37596452995843,22052651.0973797,975345568.568498,1,"conj"
"134",1.33,186875.468302532,22654614.5122961,0,9.11051888295645,7.5030382931212,22185152.0048597,975073341.400984,1,"conj"
"135",1.34,187755.965470725,22794319.9917708,0,9.2535768028391,7.63189169479083,22318448.6506855,974799458.506604,1,"conj"
"136",1.35,188640.608735506,22934886.5999212,0,9.39838460834414,7.76254786191487,22452545.8088841,974523909.821527,1,"conj"
"137",1.36,189529.417591332,23076319.6394928,0,9.54496209636401,7.89503021221157,22587448.282062,974246685.220862,1,"conj"
"138",1.37,190422.411623983,23218624.4458173,0,9.6933292809899,8.02936245776686,22723160.9015756,973967774.518291,1,"conj"
"139",1.38,191319.610510989,23361806.3870118,0,9.84350639586239,8.1655686086754,22859688.5277017,973687167.465701,1,"conj"
"140",1.39,192221.034022049,23505870.8641793,0,9.99551389654729,8.30367297672639,22997036.0498108,973404853.752801,1,"conj"
"141",1.4,193126.702019467,23650823.3116105,0,10.1493724629371,8.44370017913442,23135208.3865396,973120823.006758,1,"conj"
"142",1.41,194036.634458577,23796669.1969867,0,10.3051030016781,8.58567514231615,23274210.4859656,972835064.791811,1,"conj"
"143",1.42,194950.851388171,23943414.0215841,0,10.4627266486236,8.72962310571326,23414047.3257823,972547568.608896,1,"conj"
"144",1.43,195869.372950942,24091063.3204793,0,10.6222647713138,8.8755696256622,23554723.9134758,972258323.89526,1,"conj"
"145",1.44,196792.219383909,24239622.6627555,0,10.7837389714814,9.02354057931145,23696245.286502,971967320.024079,1,"conj"
"146",1.45,197719.411018861,24389097.6517112,0,10.9471710875857,9.17356216858672,23838616.5124651,971674546.304072,1,"conj"
"147",1.46,198650.968282794,24539493.9250685,0,11.1125831973718,9.32566092420475,23981842.6892968,971379991.979108,1,"conj"
"148",1.47,199586.91169835,24690817.1551844,0,11.2799976204595,9.47986370973629,24125928.9454374,971083646.227819,1,"conj"
"149",1.48,200527.261884265,24843073.0492619,0,11.4494369209582,9.63619772571887,24270880.440017,970785498.163202,1,"conj"
"150",1.49,201472.03955581,24996267.3495632,0,11.6209239101108,9.79469051381994,24416702.3630382,970485536.832229,1,"conj"
"151",1.5,202421.265525242,25150405.8336241,0,11.794481648966,9.95536996105099,24563399.93556,970183751.215439,1,"conj"
"152",1.51,203374.960702249,25305494.3144692,0,11.9701334510787,10.1182643040333,24710978.4098824,969880130.226549,1,"conj"
"153",1.52,204333.146094402,25461538.6408293,0,12.1479028852401,10.2834021333161,24859443.0697327,969574662.712039,1,"conj"
"154",1.53,205295.842807613,25618544.6973592,0,12.3278137782363,10.450812397747,25008799.2304518,969267337.450755,1,"conj"
"155",1.54,206263.072046584,25776518.4048573,0,12.5098902176376,10.6205244088971,25159052.2391831,968958143.153499,1,"conj"
"156",1.55,207234.855115268,25935465.7204866,0,12.6941565546165,10.792567845539,25310207.4750613,968647068.462613,1,"conj"
"157",1.56,208211.213417328,26095392.6379964,0,12.8806374067966,10.9669727581802,25462270.3494025,968334101.951574,1,"conj"
"158",1.57,209192.168456596,26256305.1879463,0,13.0693576611325,11.1437695736525,25615246.305896,968019232.124574,1,"conj"
"159",1.58,210177.741837539,26418209.4379309,0,13.2603424768194,11.3229890997569,25769140.8207969,967702447.416103,1,"conj"
"160",1.59,211167.955265726,26581111.4928059,0,13.4536172882353,11.5046625299652,25923959.4031193,967383736.190529,1,"conj"
"161",1.6,212162.83054829,26745017.4949157,0,13.6492078079133,11.6888214481799,26079707.5948315,967063086.741675,1,"conj"
"162",1.61,213162.389594405,26909933.6243223,0,13.8471400295475,11.8754978335521,26236390.971052,966740487.292394,1,"conj"
"163",1.62,214166.65441575,27075866.0990357,0,14.0474402310292,12.0647240653577,26394015.1402463,966415925.994138,1,"conj"
"164",1.63,215175.64712699,27242821.1752458,0,14.2501349775174,12.2565329279344,26552585.7444255,966089390.926534,1,"conj"
"165",1.64,216189.389946248,27410805.1475549,0,14.4552511245414,12.4509576156779,26712108.4593455,965760870.096945,1,"conj"
"166",1.65,217207.905195584,27579824.3492129,0,14.6628158211362,12.6480317381007,26872588.9947074,965430351.440037,1,"conj"
"167",1.66,218231.215301477,27749885.1523528,0,14.872856513013,12.847789324951,27034033.0943599,965097822.81734,1,"conj"
"168",1.67,219259.342795303,27920993.9682282,0,15.085400945762,13.0502648313958,27196446.5365017,964763272.016809,1,"conj"
"169",1.68,220292.310313827,28093157.2474518,0,15.3004771680908,13.2554931432666,27359835.1338856,964426686.752379,1,"conj"
"170",1.69,221330.140599681,28266381.4802362,0,15.5181135350969,13.4635095823695,27524204.7340244,964088054.663517,1,"conj"
"171",1.7,222372.85650186,28440673.1966348,0,15.7383387115751,13.67434991186,27689561.2193966,963747363.314778,1,"conj"
"172",1.71,223420.48097621,28616038.9667855,0,15.9611816753616,13.888050341684,27855910.5076549,963404600.195352,1,"conj"
"173",1.72,224473.03708592,28792485.4011548,0,16.1866717207119,14.1046475340849,28023258.5518348,963059752.718605,1,"conj"
"174",1.73,225530.548002021,28970019.1507844,0,16.4148384617169,14.3241786091781,28191611.3405646,962712808.221632,1,"conj"
"175",1.74,226593.037003882,29148646.9075381,0,16.6457118357542,14.5466811505942,28360974.8982773,962363753.964788,1,"conj"
"176",1.75,227660.527479707,29328375.4043512,0,16.8793221069775,14.7721932111901,28531355.2854228,962012577.131231,1,"conj"
"177",1.76,228733.042927044,29509211.4154808,0,17.1156998698422,15.0007533188313,28702758.5986818,961659264.826457,1,"conj"
"178",1.77,229810.606953281,29691161.7567579,0,17.3548760526697,15.2324004822438,28875190.9711812,961303804.077831,1,"conj"
"179",1.78,230893.243276159,29874233.285841,0,17.5968819212497,15.4671741969378,29048658.5727103,960946181.834117,1,"conj"
"180",1.79,231980.975724279,30058432.9024709,0,17.8417490824808,15.7051144512042,29223167.6099386,960586384.965003,1,"conj"
"181",1.8,233073.82823761,30243767.5487274,0,18.0895094880504,15.946261732184,29398724.3266342,960224400.26063,1,"conj"
"182",1.81,234171.824868007,30430244.2092875,0,18.3401954381538,16.1906570320118,29575335.003885,959860214.431107,1,"conj"
"183",1.82,235274.989779723,30617869.9116848,0,18.5938395852534,16.4383418540349,29753005.9603189,959493814.106035,1,"conj"
"184",1.83,236383.34724993,30806651.726571,0,18.8504749378776,16.6893582191076,29931743.5523278,959125185.834018,1,"conj"
"185",1.84,237496.921669235,30996596.7679786,0,19.1101348644614,16.9437486719634,30111554.1742908,958754316.082178,1,"conj"
"186",1.85,238615.737542208,31187712.1935849,0,19.3728530972271,17.201556287664,30292444.2587998,958381191.235664,1,"conj"
"187",1.86,239739.8194879,31380005.2049786,0,19.6386637361069,17.4628246781275,30474420.2768866,958005797.597159,1,"conj"
"188",1.87,240869.192240377,31573483.0479268,0,19.9076012527079,17.7275979987372,30657488.7382503,957628121.386384,1,"conj"
"189",1.88,242003.880649242,31768153.0126443,0,20.1797004943188,17.9959209550295,30841656.1914869,957248148.739598,1,"conj"
"190",1.89,243143.909680175,31964022.4340643,0,20.4549966879604,18.2678388094645,31026929.2243201,956865865.7091,1,"conj"
"191",1.9,244289.304415459,32161098.692111,0,20.7335254444784,18.5433973882796,31213314.463833,956481258.262718,1,"conj"
"192",1.91,245440.090054523,32359389.2119732,0,21.0153227626811,18.8226430884256,31400818.5767019,956094312.283305,1,"conj"
"193",1.92,246596.291914475,32558901.4643803,0,21.3004250335205,19.1056228845888,31589448.2694305,955705013.568227,1,"conj"
"194",1.93,247757.935430648,32759642.9658794,0,21.5888690443186,19.3923843362978,31779210.2885863,955313347.828851,1,"conj"
"195",1.94,248925.046157141,32961621.2791141,0,21.8806919830389,19.6829755951176,31970111.4210381,954919300.690023,1,"conj"
"196",1.95,250097.649767364,33164844.0131055,0,22.1759314426034,19.9774454119316,32162158.4941946,954522857.689556,1,"conj"
"197",1.96,251275.772054588,33369318.8235342,0,22.4746254252561,20.275843144312,32355358.3762448,954124004.277698,1,"conj"
"198",1.97,252459.438932496,33575053.4130243,0,22.7768123469726,20.5782187639807,32549717.9763995,953722725.816613,1,"conj"
"199",1.98,253648.676435732,33782055.5314292,0,23.0825310419179,20.8846228643609,32745244.2451344,953319007.579847,1,"conj"
"200",1.99,254843.510720463,33990332.9761187,0,23.3918207669507,21.1951066682209,32941944.1744345,952912834.751799,1,"conj"
"201",2,256043.968064932,34199893.5922686,0,23.7047212061768,21.5097220354116,33139824.7980399,952504192.427184,1,"conj"
"202",2.01,257250.074870019,34410745.2731508,0,24.0212724755505,21.8285214706973,33338893.1916932,952093065.610492,1,"conj"
"203",2.02,258461.857659805,34622895.9604265,0,24.3415151275257,22.1515581316838,33539156.4733879,951679439.215453,1,"conj"
"204",2.03,259679.343082135,34836353.6444401,0,24.6654901557567,22.4788858368413,33740621.8036191,951263298.064483,1,"conj"
"205",2.04,260902.55790919,35051126.3645156,0,24.993238999849,22.8105590736266,33943296.3856344,950844626.888143,1,"conj"
"206",2.05,262131.529038052,35267222.2092538,0,25.3248035501608,23.1466330067036,34147187.4656874,950423410.324584,1,"conj"
"207",2.06,263366.283491279,35484649.3168326,0,25.6602261526566,23.4871634862646,34352302.3332923,949999632.918994,1,"conj"
"208",2.07,264606.848417482,35703415.875308,0,25.9995496138114,23.8322070564525,34558648.3214793,949573279.123039,1,"conj"
"209",2.08,265853.251091896,35923530.1229172,0,26.3428172055688,24.1818209638859,34766232.8070529,949144333.2943,1,"conj"
"210",2.09,267105.518916969,36145000.3483837,0,26.6900726703507,24.5360631662887,34975063.21085,948712779.695714,1,"conj"
"211",2.1,268363.679422939,36367834.8912241,0,27.0413602261216,24.8949923412241,35185146.998001,948278602.495,1,"conj"
"212",2.11,269627.760268417,36592042.1420568,0,27.3967245715063,25.2586678949354,35396491.6781915,947841785.764091,1,"conj"
"213",2.12,270897.789240982,36817630.5429121,0,27.7562108909627,25.627149971295,35609104.8059256,947402313.478561,1,"conj"
"214",2.13,272173.794257764,37044608.5875448,0,28.1198648600098,26.0004994608613,35822993.9807914,946960169.517042,1,"conj"
"215",2.14,273455.803366041,37272984.8217481,0,28.4877326505111,26.3787780100479,36038166.8477268,946515337.660648,1,"conj"
"216",2.15,274743.84474383,37502767.84367,0,28.8598609360155,26.7620480304025,36254631.0972883,946067801.592389,1,"conj"
"217",2.16,276037.946700492,37733966.3041308,0,29.2362968971536,27.1503727079999,36472394.4659199,945617544.896579,1,"conj"
"218",2.17,277338.137677323,37966588.9069429,0,29.6170882270935,27.5438160129499,36691464.7362248,945164551.058251,1,"conj"
"219",2.18,278644.446248165,38200644.4092327,0,30.0022831370532,27.9424427090199,36911849.7372379,944708803.462555,1,"conj"
"220",2.19,279956.901120008,38436141.6217639,0,30.3919303618733,28.3463183633756,37133557.3447,944250285.394167,1,"conj"
"221",2.2,281275.531133596,38673089.4092633,0,30.7860791656477,28.7555093564402,37356595.4813339,943788980.036681,1,"conj"
"222",2.21,282600.365264042,38911496.690748,0,31.1847793474157,29.1700828918729,37580972.1171214,943324870.472004,1,"conj"
"223",2.22,283931.43262144,39151372.4398546,0,31.5880812469143,29.5901070066707,37806695.2695831,942857939.679753,1,"conj"
"224",2.23,285268.762451477,39392725.6851709,0,31.9960357503919,30.015650581391,38033773.0040581,942388170.536633,1,"conj"
"225",2.24,286612.384136058,39635565.510569,0,32.4086942964839,30.4467833505005,38262213.4339872,941915545.81583,1,"conj"
"226",2.25,287962.327193923,39879901.0555403,0,32.8261088821515,30.8835759128493,38492024.721196,941440048.186385,1,"conj"
"227",2.26,289318.621281271,40125741.5155332,0,33.2483320686833,31.3260997422724,38723215.076181,940961660.212573,1,"conj"
"228",2.27,290681.296192387,40373096.1422919,0,33.6754169877614,31.7744271983208,38955792.7583963,940480364.353275,1,"conj"
"229",2.28,292050.381860274,40621974.2441976,0,34.1074173475917,32.2286315371228,39189766.0765428,939996142.96135,1,"conj"
"230",2.29,293425.908357278,40872385.1866122,0,34.5443874391001,32.6887869223774,39425143.3888583,939508978.282998,1,"conj"
"231",2.3,294807.905895731,41124338.3922231,0,34.9863821421947,33.1549684364822,39661933.1034098,939018852.457121,1,"conj"
"232",2.31,296196.404828579,41377843.3413906,0,35.4334569320941,33.6272520917959,39900143.6783872,938525747.514684,1,"conj"
"233",2.32,297591.435650031,41632909.5724972,0,35.8856678857243,34.1057148420381,40139783.622399,938029645.378071,1,"conj"
"234",2.33,298993.028996195,41889546.6822994,0,36.343071688183,34.5904345938282,40380861.494769,937530527.860429,1,"conj"
"235",2.34,300401.215645724,42147764.3262805,0,36.8057256392729,35.0814902183644,40623385.9058356,937028376.665022,1,"conj"
"236",2.35,301816.026520468,42407572.2190067,0,37.273687660105,35.5789615632441,40867365.5172523,936523173.384571,1,"conj"
"237",2.36,303237.49268612,42668980.1344844,0,37.747016299772,36.0829294644297,41112809.0422896,936014899.500594,1,"conj"
"238",2.37,304665.645352873,42931997.9065202,0,38.2257707420929,36.593475758358,41359725.2461395,935503536.382741,1,"conj"
"239",2.38,306100.515876071,43196635.4290825,0,38.7100108124291,37.1106832941984,41608122.9462209,934989065.288126,1,"conj"
"240",2.39,307542.135756876,43462902.6566657,0,39.199796984574,37.6346359462595,41858011.0124872,934471467.360657,1,"conj"
"241",2.4,308990.536642921,43730809.6046564,0,39.6951903877154,38.1654186265462,42109398.3677358,933950723.630356,1,"conj"
"242",2.41,310445.750328981,44000366.3497013,0,40.1962528134715,38.7031172974707,42362293.9879185,933426815.012681,1,"conj"
"243",2.42,311907.808757635,44271583.0300779,0,40.7030467230035,39.2478189847162,42616706.9024546,932899722.307844,1,"conj"
"244",2.43,313376.74401994,44544469.8460672,0,41.2156352542019,39.7996117902586,42872646.1945458,932369426.20012,1,"conj"
"245",2.44,314852.588356103,44819037.0603281,0,41.7340822289511,40.3585849055459,43130121.0014919,931835907.257156,1,"conj"
"246",2.45,316335.374156152,45095294.998275,0,42.2584521604701,40.9248286248371,43389140.5150091,931299145.929279,1,"conj"
"247",2.46,317825.133960622,45373254.0484562,0,42.7888102607323,41.4984343587042,43649713.9815504,930759122.548788,1,"conj"
"248",2.47,319321.900461229,45652924.6629361,0,43.3252224479632,42.0794946476978,43911850.7026266,930215817.329259,1,"conj"
"249",2.48,320825.706501558,45934317.3576782,0,43.8677553542193,42.6681031761785,44175560.0351307,929669210.364831,1,"conj"
"250",2.49,322336.585077748,46217442.7129315,0,44.416476333046,43.2643547863167,44440851.3916624,929119281.629497,1,"conj"
"251",2.5,323854.569339182,46502311.3736181,0,44.9714534672187,43.8683454922623,44707734.2408562,928566010.976387,1,"conj"
"252",2.51,325379.69258918,46788934.049724,0,45.5327555765646,44.4801724944865,44976218.10771,928009378.137048,1,"conj"
"253",2.52,326911.988285692,47077321.5166919,0,46.1004522258694,45.0999341942973,45246312.5739161,927449362.720719,1,"conj"
"254",2.53,328451.490042,47367484.6158156,0,46.6746137328664,45.7277302085323,45518027.2781944,926885944.213604,1,"conj"
"255",2.54,329998.231627415,47659434.2546377,0,47.2553111763118,46.3636613844289,45791371.9166265,926319101.978135,1,"conj"
"256",2.55,331552.246967981,47953181.407349,0,47.8426164041454,47.0078298146754,46066356.242993,925748815.252243,1,"conj"
"257",2.56,333113.570147185,48248737.1151907,0,48.4366020417382,47.6603388526449,46342990.0691114,925175063.148609,1,"conj"
"258",2.57,334682.235406664,48546112.4868582,0,49.0373415002274,48.3212931278136,46621283.2651769,924597824.653923,1,"conj"
"259",2.58,336258.277146915,48845318.6989081,0,49.6449089849402,48.9907985613671,46901245.7601045,924017078.628133,1,"conj"
"260",2.59,337841.729928016,49146366.9961666,0,50.2593795039073,49.6689623819948,47182887.5418735,923432803.80369,1,"conj"
"261",2.6,339432.62847034,49449268.6921415,0,50.8808288764665,50.3558931418774,47466218.6578733,922844978.784793,1,"conj"
"262",2.61,341031.007655275,49754035.1694356,0,51.509333741958,51.051700732867,47751249.215252,922253582.046622,1,"conj"
"263",2.62,342636.902525953,50060677.8801625,0,52.1449715685119,51.7564964028644,48037989.3812661,921658591.934577,1,"conj"
"264",2.63,344250.34828797,50369208.3463657,0,52.7878206619291,52.4703927723943,48326449.3836328,921059986.6635,1,"conj"
"265",2.64,345871.380310123,50679638.160439,0,53.4379601746565,53.1935038513823,48616639.5108839,920457744.316903,1,"conj"
"266",2.65,347500.034125135,50991978.9855504,0,54.0954701148577,53.9259450561346,48908570.1127219,919851842.846187,1,"conj"
"267",2.66,349136.345430398,51306242.5560674,0,54.7604313555794,54.6678332265237,49202251.600378,919242260.069859,1,"conj"
"268",2.67,350780.350088705,51622440.6779856,0,55.4329256440161,55.4192866433831,49497694.4469718,918628973.672741,1,"conj"
"269",2.68,352432.084128996,51940585.2293592,0,56.1130356108721,56.1804250461119,49794909.1878739,918011961.205177,1,"conj"
"270",2.69,354091.5837471,52260688.1607345,0,56.8008447798234,56.9513696504931,50093906.4210693,917391200.082234,1,"conj"
"271",2.7,355758.885306483,52582761.4955856,0,57.4964375770802,57.7322431667284,50394696.8075241,916766667.582903,1,"conj"
"272",2.71,357434.025338998,52906817.3307524,0,58.1998993410499,58.5231698176902,50697291.071553,916138340.849286,1,"conj"
"273",2.72,359117.040545637,53232867.8368813,0,58.9113163321042,59.3242753573962,51001700.0011898,915506196.885791,1,"conj"
"274",2.73,360807.96779729,53560925.258869,0,59.6307757424479,60.1356870897068,51307934.4485596,914870212.558311,1,"conj"
"275",2.74,362506.844135501,53891001.9163079,0,60.3583657060938,60.9575338872493,51616005.3302532,914230364.593404,1,"conj"
"276",2.75,364213.706773231,54223110.2039343,0,61.0941753089428,61.7899462105711,51925923.6277029,913586629.577468,1,"conj"
"277",2.76,365928.593095625,54557262.5920799,0,61.8382945989706,62.633056127525,52237700.3875616,912938983.955912,1,"conj"
"278",2.77,367651.540660776,54893471.6271251,0,62.5908145965228,63.4869973328893,52551346.7220831,912287404.032319,1,"conj"
"279",2.78,369382.5872005,55231749.9319548,0,63.3518273047193,64.3519051682247,52866873.8095046,911631865.967607,1,"conj"
"280",2.79,371121.770621107,55572110.2064177,0,64.1214257199677,65.2279166419726,53184292.8944318,910972345.779187,1,"conj"
"281",2.8,372869.129004178,55914565.2277873,0,64.8997038425899,66.1151704497958,53503615.2882254,910308819.340109,1,"conj"
"282",2.81,374624.700607346,56259127.8512259,0,65.6867566875595,67.0138069951655,53824852.3693904,909641262.378212,1,"conj"
"283",2.82,376388.523865079,56605811.0102514,0,66.4826802953542,67.9239684101977,54148015.5839673,908969650.475267,1,"conj"
"284",2.83,378160.637389465,56954627.7172064,0,67.2875717429223,68.8457985767412,54473116.4459251,908293959.066109,1,"conj"
"285",2.84,379941.079971,57305591.0637303,0,68.1015291547656,69.7794431477208,54800166.5375572,907614163.437769,1,"conj"
"286",2.85,381729.890579382,57658714.221234,0,68.9246517141397,70.7250495687389,55129177.5098789,906930238.728606,1,"conj"
"287",2.86,383527.108364302,58014010.4413768,0,69.7570396743723,71.6827670999378,55460161.0830271,906242159.927425,1,"conj"
"288",2.87,385332.772656248,58371493.0565472,0,70.598794370302,72.6527468381266,55793129.0466626,905549901.872593,1,"conj"
"289",2.88,387146.922967298,58731175.4803449,0,71.4500182298376,73.6351417391757,56128093.260374,904853439.251154,1,"conj"
"290",2.89,388969.598991928,59093071.2080667,0,72.3108147856396,74.6301066406813,56465065.6540846,904152746.597935,1,"conj"
"291",2.9,390800.840607821,59457193.8171947,0,73.1812886869253,75.6377982849048,56804058.2284607,903447798.29465,1,"conj"
"292",2.91,392640.687876671,59823556.9678871,0,74.0615457113992,76.6583753419885,57145083.0553227,902738568.568992,1,"conj"
"293",2.92,394489.181045,60192174.4034724,0,74.9516927773082,77.6919984334517,57488152.2780579,902025031.493733,1,"conj"
"294",2.93,396346.360544972,60563059.9509453,0,75.851837955626,78.7388301559718,57833278.1120366,901307160.985805,1,"conj"
"295",2.94,398212.26699521,60936227.5214666,0,76.7620904823645,79.7990351054506,58180472.8450288,900584930.805384,1,"conj"
"296",2.95,400086.941201622,61311691.1108651,0,77.6825607710162,80.8727799013733,58529748.8376251,899858314.554967,1,"conj"
"297",2.96,401970.424158222,61689464.8001424,0,78.6133604251278,81.96023321146,58881118.5236581,899127285.678447,1,"conj"
"298",2.97,403862.757047959,62069562.7559812,0,79.5546022510067,83.0615657766155,59234594.4106272,898391817.460175,1,"conj"
"299",2.98,405763.981243548,62451999.2312552,0,80.5064002705611,84.17695043618,59590189.0801254,897651883.024025,1,"conj"
"300",2.99,407674.138308301,62836788.5655435,0,81.4688697342762,85.3065621534845,59947915.1882683,896907455.332448,1,"conj"
"301",3,409593.269996967,63223945.1856459,0,82.442127134327,86.4505780417145,60307785.4661255,896158507.185526,1,"conj"
"302",3.01,411521.418256569,63613483.6061032,0,83.4262902178293,87.6091773900859,60669812.7201542,895405011.220018,1,"conj"
"303",3.02,413458.62522725,64005418.4297184,0,84.4214780002311,88.7825416903359,61034009.8326356,894646939.908399,1,"conj"
"304",3.03,415404.933243114,64399764.3480825,0,85.4278107788442,89.9708546635346,61400389.7621127,893884265.557896,1,"conj"
"305",3.04,417360.384833076,64796536.1421019,0,86.4454101465194,91.174302287218,61768965.5438316,893116960.309521,1,"conj"
"306",3.05,419325.022721716,65195748.6825295,0,87.4743990054649,92.3930728228502,62139750.2901841,892344996.137093,1,"conj"
"307",3.06,421298.88983013,65597416.9304985,0,88.5149015812116,93.6273568436146,62512757.1911537,891568344.846259,1,"conj"
"308",3.07,423282.029276788,66001555.9380594,0,89.5670434367236,94.8773472625412,62887999.5147629,890786978.07351,1,"conj"
"309",3.08,425274.484378397,66408180.8487191,0,90.6309514866595,96.1432393609724,63265490.6075235,890000867.285188,1,"conj"
"310",3.09,427276.298650761,66817306.8979844,0,91.7067540117818,97.4252308173715,63645243.8948896,889209983.77649,1,"conj"
"311",3.1,429287.515809649,67228949.413907,0,92.7945806735196,98.7235217364785,64027272.881712,888414298.670469,1,"conj"
"312",3.11,431308.179771663,67643123.8176327,0,93.8945625286835,100.038314678816,64411591.1526963,887613782.917022,1,"conj"
"313",3.12,433338.334655111,68059845.6239531,0,95.0068320443357,101.369814690553,64798212.3728622,886808407.291883,1,"conj"
"314",3.13,435378.02478088,68479130.4418596,0,96.1315231128166,102.718229333722,65187150.2880058,885998142.395601,1,"conj"
"315",3.14,437427.294673318,68900993.9751024,0,97.2687710669292,104.083768716809,65578418.7251645,885182958.65252,1,"conj"
"316",3.15,439486.18906111,69325452.02275,0,98.418712695283,105.466645525703,65972031.5930842,884362826.309746,1,"conj"
"317",3.16,441554.752878165,69752520.4797542,0,99.5814862577997,106.867075055021,66368002.8826886,883537715.436118,1,"conj"
"318",3.17,443633.0312645,70182215.3375163,0,100.757231501381,108.285275239812,66766346.6675514,882707595.921161,1,"conj"
"319",3.18,445721.069567132,70614552.6844574,0,101.946089675742,109.721466687638,67167077.1043708,881872437.474048,1,"conj"
"320",3.19,447818.913340968,71049548.7065914,0,103.148203549409,111.175872711043,67570208.4334466,881032209.622545,1,"conj"
"321",3.2,449926.608349702,71487219.6881014,0,104.363717425889,112.648719360412,67975754.9791593,880186881.711953,1,"conj"
"322",3.21,452044.20056671,71927582.0119188,0,105.592777160004,114.140235457227,68383731.1504526,879336422.904049,1,"conj"
"323",3.22,454171.736175956,72370652.1603059,0,106.835530174398,115.650652627713,68794151.4413175,878480802.176018,1,"conj"
"324",3.23,456309.261572888,72816446.7154413,0,108.092125476222,117.180205336905,69207030.4312792,877619988.319376,1,"conj"
"325",3.24,458456.823365354,73264982.3600088,0,109.362713673988,118.729130923108,69622382.7858868,876753949.938894,1,"conj"
"326",3.25,460614.468374501,73716275.8777892,0,110.647446994601,120.297669632775,70040223.2572052,875882655.451514,1,"conj"
"327",3.26,462782.243635695,74170344.1542554,0,111.946479300571,121.886064655813,70460566.6843098,875006073.085255,1,"conj"
"328",3.27,464960.19639943,74627204.1771704,0,113.259966107404,123.494562161299,70883427.993783,874124170.878119,1,"conj"
"329",3.28,467148.374132251,75086873.0371891,0,114.588064601177,125.123411333633,71308822.2002145,873236916.676988,1,"conj"
"330",3.29,469346.824517669,75549367.9284623,0,115.930933656295,126.772864409121,71736764.4067031,872344278.136519,1,"conj"
"331",3.3,471555.595457086,76014706.1492453,0,117.288733853431,128.443176712999,72167269.8053612,871446222.718026,1,"conj"
"332",3.31,473774.73507072,76482905.102508,0,118.661627497663,130.134606696899,72600353.6778224,870542717.688365,1,"conj"
"333",3.32,476004.291698536,76953982.2965499,0,120.04977863679,131.847415976766,73036031.3957511,869633730.118806,1,"conj"
"334",3.33,478244.313901172,77427955.3456172,0,121.453353079847,133.581869371224,73474318.421355,868719226.883904,1,"conj"
"335",3.34,480494.850460876,77904841.9705234,0,122.872518415808,135.338234940412,73915230.3079002,867799174.660362,1,"conj"
"336",3.35,482755.950382441,78384659.9992737,0,124.30744403249,137.116784025271,74358782.7002283,866873539.925887,1,"conj"
"337",3.36,485027.662894144,78867427.3676916,0,125.758301135649,138.917791287315,74804991.3352769,865942288.958045,1,"conj"
"338",3.37,487310.037448686,79353162.12005,0,127.225262768277,140.741534748869,75253872.0426024,865005387.833101,1,"conj"
"339",3.38,489603.123724137,79841882.4097044,0,128.708503830106,142.588295833791,75705440.744905,864062802.424867,1,"conj"
"340",3.39,491906.971624883,80333606.4997304,0,130.208201097303,144.458359408683,76159713.4585567,863114498.403527,1,"conj"
"341",3.4,494221.631282572,80828352.7635638,0,131.724533242386,146.352013824591,76616706.2941323,862160441.234474,1,"conj"
"342",3.41,496547.153057067,81326139.6856442,0,133.257680854332,148.269550959209,77076435.4569418,861200596.177125,1,"conj"
"343",3.42,498883.587537401,81826985.862062,0,134.807826458906,150.21126625958,77538917.2475667,860234928.283741,1,"conj"
"344",3.43,501230.98554273,82330910.0012087,0,136.375154539199,152.177458785317,78004168.0623984,859263402.398237,1,"conj"
"345",3.44,503589.398123292,82837930.9244302,0,137.959851556372,154.168431252327,78472204.3941787,858285983.154985,1,"conj"
"346",3.45,505958.876561371,83348067.5666841,0,139.562105970631,156.184490077073,78943042.8325441,857302634.977614,1,"conj"
"347",3.46,508339.472372254,83861338.9771994,0,141.182108262402,158.225945421348,79416700.0645715,856313322.077803,1,"conj"
"348",3.47,510731.237305203,84377764.3201407,0,142.820050953744,160.293111237597,79893192.8753276,855318008.454064,1,"conj"
"349",3.48,513134.223344418,84897362.8752745,0,144.476128629969,162.386305314774,80372538.1484198,854316657.890527,1,"conj"
"350",3.49,515548.482710008,85420154.0386396,0,146.150537961498,164.505849324742,80854752.8665511,853309233.955712,1,"conj"
"351",3.5,517974.067858962,85946157.323221,0,147.843477725938,166.652068869234,81339854.1120763,852295700.001297,1,"conj"
"352",3.51,520411.031486125,86475392.3596265,0,149.555148830389,168.825293527365,81827859.0675619,851276019.160883,1,"conj"
"353",3.52,522859.426525173,87007878.8967671,0,151.285754333984,171.025856903722,82318785.0163477,850250154.348749,1,"conj"
"354",3.53,525319.306149589,87543636.8025408,0,153.035499470661,173.254096677014,82812649.3431122,849218068.258601,1,"conj"
"355",3.54,527790.723773647,88082686.0645194,0,154.80459167217,175.510354649307,83309469.5344392,848179723.362321,1,"conj"
"356",3.55,530273.733053392,88625046.7906392,0,156.593240591322,177.794976795847,83809263.1793886,847135081.908702,1,"conj"
"357",3.56,532768.387887623,89170739.2098947,0,158.401658125477,180.108313315473,84312047.9700684,846084105.922178,1,"conj"
"358",3.57,535274.742418882,89719783.6730355,0,160.23005844027,182.450718681631,84817841.7022104,845026757.201558,1,"conj"
"359",3.58,537792.851034436,90272200.6532674,0,162.078657993593,184.822551693989,85326662.2757481,843962997.31874,1,"conj"
"360",3.59,540322.768367275,90828010.7469557,0,163.947675559813,187.224175530675,85838527.6953972,842892787.617429,1,"conj"
"361",3.6,542864.549297092,91387234.6743329,0,165.837332254251,189.655957801131,86353456.071239,841816089.211841,1,"conj"
"362",3.61,545418.248951288,91949893.2802092,0,167.747851557902,192.118270599588,86871465.6193058,840732862.985412,1,"conj"
"363",3.62,547983.922705955,92516007.5346869,0,169.679459342425,194.611490559189,87392574.6621702,839643069.589487,1,"conj"
"364",3.63,550561.626186881,93085598.5338772,0,171.632383895374,197.135998906742,87916801.6295354,838546669.442018,1,"conj"
"365",3.64,553151.415270541,93658687.5006217,0,173.606855945702,199.692181518132,88444165.0588296,837443622.726241,1,"conj"
"366",3.65,555753.3460851,94235295.7852162,0,175.603108689523,202.280428974381,88974683.595802,836333889.389359,1,"conj"
"367",3.66,558367.47501141,94815444.8661383,0,177.621377816138,204.901136618382,89508375.9951221,835217429.141214,1,"conj"
"368",3.67,560993.858684014,95399156.3507784,0,179.661901534328,207.554704612292,90045261.120981,834094201.452951,1,"conj"
"369",3.68,563632.553992147,95986451.9761743,0,181.724920598923,210.241537995624,90585357.9476959,832964165.555679,1,"conj"
"370",3.69,566283.618080741,96577353.6097482,0,183.81067833764,212.962046744003,91128685.5603167,831827280.439129,1,"conj"
"371",3.7,568947.10835143,97171883.2500485,0,185.919420678193,215.716645828639,91675263.1552358,830683504.850298,1,"conj"
"372",3.71,571623.082463555,97770063.0274936,0,188.051396175688,218.505755276486,92225110.0407995,829532797.292092,1,"conj"
"373",3.72,574311.59833517,98371915.2051198,0,190.206856040296,221.329800231125,92778245.6379234,828375116.021966,1,"conj"
"374",3.73,577012.714144053,98977462.1793327,0,192.386054165207,224.189211014356,93334689.4807088,827210419.05055,1,"conj"
"375",3.74,579726.488328713,99586726.4806611,0,194.589247154877,227.084423188527,93894461.2170629,826038664.140277,1,"conj"
"376",3.75,582452.979589397,100199730.774515,0,196.816694353555,230.01587761959,94457580.6093208,824859808.804003,1,"conj"
"377",3.76,585192.246889103,100816497.861947,0,199.068657874108,232.984020540903,95024067.5348708,823673810.303615,1,"conj"
"378",3.77,587944.349454589,101437050.680416,0,201.345402627143,235.989303617791,95593941.9867811,822480625.648642,1,"conj"
"379",3.78,590709.346777384,102061412.304555,0,203.647196350415,239.032184012858,96167224.0744301,821280211.594857,1,"conj"
"380",3.79,593487.298614799,102689605.946943,0,205.974309638547,242.113124452073,96743934.0241385,820072524.64287,1,"conj"
"381",3.8,596278.264990939,103321654.958876,0,208.327015973049,245.232593291638,97324092.1798047,818857521.036719,1,"conj"
"382",3.81,599082.306197714,103957582.83115,0,210.705591752638,248.391064585631,97907719.0035413,817635156.762454,1,"conj"
"383",3.82,601899.48279585,104597413.194838,0,213.110316323875,251.589018154458,98494835.0763158,816405387.546716,1,"conj"
"384",3.83,604729.855615902,105241169.822072,0,215.541472012107,254.826939654102,99085461.0985921,815168168.855309,1,"conj"
"385",3.84,607573.485759264,105888876.626835,0,217.999344152724,258.105320646183,99679617.8909756,813923455.891765,1,"conj"
"386",3.85,610430.434599181,106540557.665748,0,220.484221122738,261.424658668848,100277326.39486,812671203.595912,1,"conj"
"387",3.86,613300.763781758,107196237.138866,0,222.996394372678,264.785457308488,100878607.673078,811411366.642423,1,"conj"
"388",3.87,616184.535226972,107855939.390471,0,225.536158458808,268.188226272294,101483482.91055,810143899.439367,1,"conj"
"389",3.88,619081.811129683,108519688.909876,0,228.103811075676,271.633481461668,102091973.414942,808868756.12676,1,"conj"
"390",3.89,621992.653960637,109187510.332224,0,230.699653088984,275.121745046489,102704100.61732,807585890.575097,1,"conj"
"391",3.9,624917.126467478,109859428.439298,0,233.323988568799,278.653545540254,103319886.07281,806295256.383891,1,"conj"
"392",3.91,627855.291675757,110535468.160326,0,235.977124823093,282.229417876091,103939351.461256,804996806.8802,1,"conj"
"393",3.92,630807.212889931,111215654.572797,0,238.659372431625,285.849903483661,104562518.58789,803690495.117148,1,"conj"
"394",3.93,633772.953694372,111900012.903273,0,241.371045280163,289.515550366966,105189409.383988,802376273.872449,1,"conj"
"395",3.94,636752.577954368,112588568.528209,0,244.112460595045,293.226913183057,105820045.907549,801054095.646914,1,"conj"
"396",3.95,639746.149817128,113281346.974774,0,246.883938978104,296.98455332166,106454450.343953,799723912.662964,1,"conj"
"397",3.96,642753.733712772,113978373.921672,0,249.685804441919,300.789038985737,107092645.006644,798385676.863128,1,"conj"
"398",3.97,645775.394355341,114679675.199975,0,252.518384445443,304.640945272976,107734652.337796,797039339.908544,1,"conj"
"399",3.98,648811.196743782,115385276.793946,0,255.382009929975,308.540854258235,108380494.908994,795684853.177452,1,"conj"
"400",3.99,651861.206162944,116095204.841877,0,258.277015355494,312.489355076946,109030195.421911,794322167.763679,1,"conj"
"401",4,654925.488184573,116809485.636919,0,261.203738737358,316.487044009481,109683776.708988,792951234.475125,1,"conj"
"402",4.01,658004.108668292,117528145.627927,0,264.16252168337,320.534524566504,110341261.734116,791572003.832244,1,"conj"
"403",4.02,661097.133762594,118251211.420292,0,267.153709431212,324.632407575312,111002673.593319,790184426.06651,1,"conj"
"404",4.03,664204.629905819,118978709.776793,0,270.177650886249,328.781311267172,111668035.515445,788788451.118895,1,"conj"
"405",4.04,667326.663827133,119710667.618438,0,273.234698659718,332.981861365675,112337370.862847,787384028.638328,1,"conj"
"406",4.05,670463.302547506,120447112.025314,0,276.325209107286,337.23469117611,113010703.132078,785971107.980161,1,"conj"
"407",4.06,673614.613380683,121188070.237436,0,279.449542367999,341.540441675869,113688055.95458,784549638.20462,1,"conj"
"408",4.07,676780.663934148,121933569.655606,0,282.608062403607,345.899761605901,114369453.097377,783119568.075259,1,"conj"
"409",4.08,679961.522110095,122683637.842263,0,285.801137038291,350.313307563216,115054918.463771,781680846.057412,1,"conj"
"410",4.09,683157.256106381,123438302.522343,0,289.02913799877,354.781744094459,115744476.094039,780233420.31663,1,"conj"
"411",4.1,686367.934417484,124197591.584143,0,292.292440954814,359.305743790559,116438150.166126,778777238.71713,1,"conj"
"412",4.11,689593.625835451,124961533.080178,0,295.591425560146,363.88598738247,117135964.99635,777312248.820224,1,"conj"
"413",4.12,692834.399450846,125730155.228051,0,298.926475493752,368.523163838007,117837945.040102,775838397.882757,1,"conj"
"414",4.13,696090.324653689,126503486.411318,0,302.297978501601,373.217970459803,118544114.892544,774355632.855535,1,"conj"
"415",4.14,699361.471134385,127281555.180358,0,305.70632643876,377.971112984376,119254499.289317,772863900.381752,1,"conj"
"416",4.15,702647.90888466,128064390.25324,0,309.151915311938,382.783305682346,119969123.107243,771363146.795412,1,"conj"
"417",4.16,705949.708198478,128852020.516603,0,312.63514532243,387.655271459787,120688011.365032,769853318.119751,1,"conj"
"418",4.17,709266.939672957,129644475.026524,0,316.156420909494,392.587741960743,121411189.223987,768334360.065653,1,"conj"
"419",4.18,712599.674209278,130441783.0094,0,319.716150794137,397.581457670915,122138681.988716,766806218.030066,1,"conj"
"420",4.19,715947.983013589,131243973.862822,0,323.314748023336,402.637168022526,122870515.107837,765268837.094412,1,"conj"
"421",4.2,719311.937597895,132051077.156455,0,326.952630014683,407.755631500385,123606714.174686,763722162.023,1,"conj"
"422",4.21,722691.609780946,132863122.632923,0,330.630218601463,412.937615749157,124347304.928035,762166137.261428,1,"conj"
"423",4.22,726087.071689119,133680140.208685,0,334.347940078169,418.183897681849,125092313.252795,760600706.934994,1,"conj"
"424",4.23,729498.395757281,134502159.974925,0,338.106225246454,423.495263589528,125841765.180731,759025814.847099,1,"conj"
"425",4.24,732925.654729655,135329212.198432,0,341.905509461524,428.872509252283,126595686.891175,757441404.477645,1,"conj"
"426",4.25,736368.92166067,136161327.32249,0,345.746232678981,434.316440051446,127354104.711739,755847418.981438,1,"conj"
"427",4.26,739828.269915803,136998535.967761,0,349.628839502104,439.827871083071,128117045.119024,754243801.186589,1,"conj"
"428",4.27,743303.773172411,137840868.933175,0,353.5537792296,445.407627272706,128884534.739336,752630493.592911,1,"conj"
"429",4.28,746795.505420553,138688357.196817,0,357.521505903787,451.056543491445,129656600.3494,751007438.370313,1,"conj"
"430",4.29,750303.540963801,139541031.916818,0,361.532478359255,456.775464673302,130433268.877071,749374577.357204,1,"conj"
"431",4.3,753827.954420036,140398924.432242,0,365.58716027198,462.565245933885,131214567.402046,747731852.058886,1,"conj"
"432",4.31,757368.820722242,141262066.263976,0,369.686020208899,468.426752690416,132000523.156582,746079203.645947,1,"conj"
"433",4.32,760926.215119273,142130489.11562,0,373.829531677962,474.360860783084,132791163.526201,744416572.952667,1,"conj"
"434",4.33,764500.213176623,143004224.87438,0,378.018173178647,480.368456597762,133586516.050407,742743900.475407,1,"conj"
"435",4.34,768090.890777171,143883305.611952,0,382.252428252954,486.45043719009,134386608.423395,741061126.371011,1,"conj"
"436",4.35,771698.324121914,144767763.585415,0,386.532785536874,492.607710410941,135191468.49476,739368190.455207,1,"conj"
"437",4.36,775322.589730694,145657631.23812,0,390.859738812338,498.841195033276,136001124.270211,737665032.201005,1,"conj"
"438",4.37,778963.764442899,146552941.200576,0,395.233787059651,505.151820880422,136815603.912272,735951590.737101,1,"conj"
"439",4.38,782621.925418156,147453726.291343,0,399.655434510408,511.540528955751,137634935.740997,734227804.846279,1,"conj"
"440",4.39,786297.150137003,148360019.51791,0,404.12519070091,518.00827157381,138459148.234666,732493612.963824,1,"conj"
"441",4.4,789989.516401547,149271854.077589,0,408.643570526053,524.556012492885,139288270.0305,730748953.175927,1,"conj"
"442",4.41,793699.102336105,150189263.358392,0,413.211094293734,531.184727049036,140122329.925353,728993763.218097,1,"conj"
"443",4.42,797425.986387828,151112280.939921,0,417.828287779737,537.895402291589,140961356.876418,727227980.473583,1,"conj"
"444",4.43,801170.247327298,152040940.594241,0,422.495682283129,544.689037120133,141805380.001923,725451541.97179,1,"conj"
"445",4.44,804931.964249119,152975276.286763,0,427.213814682156,551.566642422997,142654428.581825,723664384.386705,1,"conj"
"446",4.45,808711.216572473,153915322.177122,0,431.983227490645,558.529241217249,143508532.058509,721866444.035328,1,"conj"
"447",4.46,812508.084041671,154861112.620045,0,436.804468914914,565.577868790217,144367720.037471,720057656.876104,1,"conj"
"448",4.47,816322.646726666,155812682.166229,0,441.678092911194,572.713572842543,145232022.28801,718237958.507368,1,"conj"
"449",4.48,820154.985023557,156770065.563207,0,446.604659243562,579.93741363279,146101468.74391,716407284.165786,1,"conj"
"450",4.49,824005.179655058,157733297.756211,0,451.584733542391,587.250464123613,146976089.504122,714565568.724814,1,"conj"
"451",4.5,827873.311670957,158702413.889035,0,456.618887363318,594.653810129498,147855914.83344,712712746.693157,1,"conj"
"452",4.51,831759.462448532,159677449.304895,0,461.70769824673,602.148550466096,148740975.163174,710848752.213233,1,"conj"
"453",4.52,835663.713692956,160658439.54728,0,466.851749777772,609.735797101151,149631301.091821,708973519.059659,1,"conj"
"454",4.53,839586.147437667,161645420.360803,0,472.051631646883,617.416675307045,150526923.385726,707086980.637727,1,"conj"
"455",4.54,843526.846044713,162638427.692044,0,477.307939710849,625.192323814965,151427872.979743,705189069.981905,1,"conj"
"456",4.55,847485.892205067,163637497.690392,0,482.621276054394,633.063894970703,152334180.97789,703279719.754341,1,"conj"
"457",4.56,851463.36893891,164642666.708878,0,487.992249052288,641.032554892117,153245878.654,701358862.24338,1,"conj"
"458",4.57,855459.359595886,165653971.305001,0,493.421473431997,649.099483628234,154162997.452358,699426429.362088,1,"conj"
"459",4.58,859473.94785532,166671448.241556,0,498.909570336855,657.265875320045,155085568.988348,697482352.646795,1,"conj"
"460",4.59,863507.21772641,167695134.487446,0,504.457167389778,665.532938362968,156013625.049074,695526563.255648,1,"conj"
"461",4.6,867559.253548376,168725067.218491,0,510.0648987575,673.901895571017,156947197.593992,693558991.967175,1,"conj"
"462",4.61,871630.139990576,169761283.81823,0,515.733405215355,682.37398434267,157886318.755524,691579569.178867,1,"conj"
"463",4.62,875719.962052585,170803821.878716,0,521.463334212587,690.95045682846,158831020.839667,689588224.905773,1,"conj"
"464",4.63,879828.805064235,171852719.201302,0,527.255339938201,699.632580100289,159781336.326599,687584888.779115,1,"conj"
"465",4.64,883956.754685614,172908013.797415,0,533.110083387346,708.421636322487,160737297.871268,685569490.044912,1,"conj"
"466",4.65,888103.896907025,173969743.889327,0,539.028232428234,717.318922924612,161698938.303979,683541957.562632,1,"conj"
"467",4.66,892270.318048896,175037947.910912,0,545.010461869601,726.325752776015,162666290.630969,681502219.803855,1,"conj"
"468",4.67,896456.104761653,176112664.508394,0,551.057453528696,735.44345436217,163639388.034976,679450204.85096,1,"conj"
"469",4.68,900661.344025543,177193932.541085,0,557.169896299809,744.673371962783,164618263.875791,677385840.395831,1,"conj"
"470",4.69,904886.123150404,178281791.082108,0,563.348486223335,754.016865831684,165602951.690806,675309053.738584,1,"conj"
"471",4.7,909130.529775394,179376279.419116,0,569.59392655537,763.475312378517,166593485.195548,673219771.786322,1,"conj"
"472",4.71,913394.651868659,180477437.054989,0,575.906927837836,773.050104352236,167589898.2842,671117921.051911,1,"conj"
"473",4.72,917678.577726956,181585303.708526,0,582.28820796914,782.742651026401,168592225.030113,669003427.652775,1,"conj"
"474",4.73,921982.395975209,182699919.315117,0,588.738492275361,792.554378386304,169600499.686306,666876217.309732,1,"conj"
"475",4.74,926306.19556602,183821324.027404,0,595.258513581961,802.486729317907,170614756.685943,664736215.345845,1,"conj"
"476",4.75,930650.065779109,184949558.215925,0,601.849012286023,812.541163798625,171635030.64281,662583346.68531,1,"conj"
"477",4.76,935014.0962207,186084662.469746,0,608.510736429005,822.719159089926,172661356.351768,660417535.85237,1,"conj"
"478",4.77,939398.376822833,187226677.59707,0,615.244441770014,833.022209931794,173693768.789191,658238706.970265,1,"conj"
"479",4.78,943802.997842619,188375644.62583,0,622.050891859596,843.451828739015,174732303.113394,656046783.760212,1,"conj"
"480",4.79,948228.049861417,189531604.804272,0,628.930858114028,854.009545799329,175776994.665035,653841689.540428,1,"conj"
"481",4.8,952673.623783947,190694599.601505,0,635.885119890124,864.696909473424,176827878.967507,651623347.225175,1,"conj"
"482",4.81,957139.810837319,191864670.70804,0,642.914464560532,875.515486396787,177884991.72731,649391679.323861,1,"conj"
"483",4.82,961626.702569991,193041860.036308,0,650.019687589531,886.466861683407,178948368.834399,647146607.940174,1,"conj"
"484",4.83,966134.390850644,194226209.721148,0,657.201592609314,897.552639131342,180018046.362519,644888054.771251,1,"conj"
"485",4.84,970662.967866973,195417762.120283,0,664.460991496755,908.774441430126,181094060.569511,642615941.106906,1,"conj"
"486",4.85,975212.52612439,196616559.814763,0,671.798704450645,920.133910370045,182176447.897606,640330187.828892,1,"conj"
"487",4.86,979783.15844464,197822645.609385,0,679.2155600694,931.632707053253,183265244.973684,638030715.41022,1,"conj"
"488",4.87,984374.957964321,199036062.533089,0,686.712395429227,943.272512106739,184360488.609518,635717443.914522,1,"conj"
"489",4.88,988988.018133307,200256853.839321,0,694.290056162734,955.055025897137,185462215.801992,633390292.995471,1,"conj"
"490",4.89,993622.432713067,201485063.006376,0,701.949396537989,966.981968747372,186570463.733287,631049181.896258,1,"conj"
"491",4.9,998278.295774887,202720733.737698,0,709.691279537999,979.055081155136,187685269.771045,628694029.449121,1,"conj"
"492",4.91,1002955.70169797,203963909.962159,0,717.516576940612,991.27612401318,188806671.468502,626324754.07494,1,"conj"
"493",4.92,1007654.74516744,205214635.8343,0,725.426169398828,1003.64687883142,189934706.564594,623941273.78289,1,"conj"
"494",4.93,1012375.52117222,206472955.734537,0,733.420946521492,1016.16914796084,191069412.984026,621543506.170171,1,"conj"
"495",4.94,1017118.12500275,207738914.269334,0,741.501806954381,1028.84475481919,192210828.837313,619131368.421788,1,"conj"
"496",4.95,1021882.65224869,209012556.271334,0,749.669658461646,1041.67554411844,193358992.420788,616704777.310427,1,"conj"
"497",4.96,1026669.19879633,210293926.79945,0,757.925418007606,1054.66338209397,194513942.216569,614263649.196384,1,"conj"
"498",4.97,1031477.860826,211583071.138923,0,766.270011838874,1067.81015673556,195675716.892494,611807900.027588,1,"conj"
"499",4.98,1036308.73480927,212880034.801324,0,774.704375566802,1081.11777802002,196844355.302013,609337445.3397,1,"conj"
"500",4.99,1041161.91750601,214184863.524518,0,783.229454250211,1094.58817814555,198019896.484045,606852200.256299,1,"conj"
"501",5,1046037.50596131,215497603.272583,0,791.846202478409,1108.22331176775,199202379.662784,604352079.489158,1,"conj"
"502",5,0,0,0,395.923101239204,554.111655883873,0,1e+09,1,"tselect"
"503",29,0,0,0,344936.149750863,9655063.85024914,0,1e+09,1,"tselect"
