SetID,SweepID,gamma_M,psi_M
pHFC_S.pB10-A,1,1.610000000000001e-18,0.22299999999999998
pHFC_S.pB10-A,2,2.581987177439639e-18,0.22299999999999998
pHFC_S.pB10-A,3,4.140781232585534e-18,0.22299999999999998
pHFC_S.pB10-A,4,6.640648476471201e-18,0.22299999999999998
pHFC_S.pB10-A,5,1.0649732432380563e-17,0.22299999999999998
pHFC_S.pB10-A,6,1.7079175517745127e-17,0.22299999999999998
pHFC_S.pB10-A,7,2.7390193905626648e-17,0.22299999999999998
pHFC_S.pB10-A,8,4.3926167361436834e-17,0.22299999999999998
pHFC_S.pB10-A,9,7.044521793869464e-17,0.22299999999999998
pHFC_S.pB10-A,10,1.1297431641593184e-16,0.22299999999999998
pHFC_S.pB10-A,11,1.811790287987232e-16,0.22299999999999998
pHFC_S.pB10-A,12,2.90560204459174e-16,0.22299999999999998
pHFC_S.pB10-A,13,4.659768460793973e-16,0.22299999999999998
pHFC_S.pB10-A,14,7.472958022116568e-16,0.22299999999999998
pHFC_S.pB10-A,15,1.198452285133524e-15,0.22299999999999998
pHFC_S.pB10-A,16,1.9219803931602427e-15,0.22299999999999998
pHFC_S.pB10-A,17,3.0823159816336275e-15,0.22299999999999998
pHFC_S.pB10-A,18,4.943167913910141e-15,0.22299999999999998
pHFC_S.pB10-A,19,7.927451037047843e-15,0.22299999999999998
pHFC_S.pB10-A,20,1.2713401818284578e-14,0.22299999999999998
pHFC_S.pB10-A,21,2.038872079282519e-14,0.22299999999999998
pHFC_S.pB10-A,22,3.2697773696566185e-14,0.22299999999999998
pHFC_S.pB10-A,23,5.2438032556122537e-14,0.22299999999999998
pHFC_S.pB10-A,24,8.40958556956964e-14,0.22299999999999998
pHFC_S.pB10-A,25,1.3486610005099515e-13,0.22299999999999998
pHFC_S.pB10-A,26,2.1628729254842283e-13,0.22299999999999998
pHFC_S.pB10-A,27,3.4686398509513254e-13,0.22299999999999998
pHFC_S.pB10-A,28,5.562722744293475e-13,0.22299999999999998
pHFC_S.pB10-A,29,8.921042731315306e-13,0.22299999999999998
pHFC_S.pB10-A,30,1.4306843442016895e-12,0.22299999999999998
pHFC_S.pB10-A,31,2.2944152991878257e-12,0.22299999999999998
pHFC_S.pB10-A,32,3.679596821257326e-12,0.22299999999999998
pHFC_S.pB10-A,33,5.901038391698202e-12,0.22299999999999998
pHFC_S.pB10-A,34,9.463605876362633e-12,0.22299999999999998
pHFC_S.pB10-A,35,1.5176962127397964e-11,0.22299999999999998
pHFC_S.pB10-A,36,2.4339578636912142e-11,0.22299999999999998
pHFC_S.pB10-A,37,3.903383847502539e-11,0.22299999999999998
pHFC_S.pB10-A,38,6.259929840296021e-11,0.22299999999999998
pHFC_S.pB10-A,39,1.0039166819451025e-10,0.22299999999999998
pHFC_S.pB10-A,40,1.610000000000001e-10,0.22299999999999998
pHFC_S.pB10-A,41,1.610000000000001e-18,0.2435128205128205
pHFC_S.pB10-A,42,2.581987177439639e-18,0.2435128205128205
pHFC_S.pB10-A,43,4.140781232585534e-18,0.2435128205128205
pHFC_S.pB10-A,44,6.640648476471201e-18,0.2435128205128205
pHFC_S.pB10-A,45,1.0649732432380563e-17,0.2435128205128205
pHFC_S.pB10-A,46,1.7079175517745127e-17,0.2435128205128205
pHFC_S.pB10-A,47,2.7390193905626648e-17,0.2435128205128205
pHFC_S.pB10-A,48,4.3926167361436834e-17,0.2435128205128205
pHFC_S.pB10-A,49,7.044521793869464e-17,0.2435128205128205
pHFC_S.pB10-A,50,1.1297431641593184e-16,0.2435128205128205
pHFC_S.pB10-A,51,1.811790287987232e-16,0.2435128205128205
pHFC_S.pB10-A,52,2.90560204459174e-16,0.2435128205128205
pHFC_S.pB10-A,53,4.659768460793973e-16,0.2435128205128205
pHFC_S.pB10-A,54,7.472958022116568e-16,0.2435128205128205
pHFC_S.pB10-A,55,1.198452285133524e-15,0.2435128205128205
pHFC_S.pB10-A,56,1.9219803931602427e-15,0.2435128205128205
pHFC_S.pB10-A,57,3.0823159816336275e-15,0.2435128205128205
pHFC_S.pB10-A,58,4.943167913910141e-15,0.2435128205128205
pHFC_S.pB10-A,59,7.927451037047843e-15,0.2435128205128205
pHFC_S.pB10-A,60,1.2713401818284578e-14,0.2435128205128205
pHFC_S.pB10-A,61,2.038872079282519e-14,0.2435128205128205
pHFC_S.pB10-A,62,3.2697773696566185e-14,0.2435128205128205
pHFC_S.pB10-A,63,5.2438032556122537e-14,0.2435128205128205
pHFC_S.pB10-A,64,8.40958556956964e-14,0.2435128205128205
pHFC_S.pB10-A,65,1.3486610005099515e-13,0.2435128205128205
pHFC_S.pB10-A,66,2.1628729254842283e-13,0.2435128205128205
pHFC_S.pB10-A,67,3.4686398509513254e-13,0.2435128205128205
pHFC_S.pB10-A,68,5.562722744293475e-13,0.2435128205128205
pHFC_S.pB10-A,69,8.921042731315306e-13,0.2435128205128205
pHFC_S.pB10-A,70,1.4306843442016895e-12,0.2435128205128205
pHFC_S.pB10-A,71,2.2944152991878257e-12,0.2435128205128205
pHFC_S.pB10-A,72,3.679596821257326e-12,0.2435128205128205
pHFC_S.pB10-A,73,5.901038391698202e-12,0.2435128205128205
pHFC_S.pB10-A,74,9.463605876362633e-12,0.2435128205128205
pHFC_S.pB10-A,75,1.5176962127397964e-11,0.2435128205128205
pHFC_S.pB10-A,76,2.4339578636912142e-11,0.2435128205128205
pHFC_S.pB10-A,77,3.903383847502539e-11,0.2435128205128205
pHFC_S.pB10-A,78,6.259929840296021e-11,0.2435128205128205
pHFC_S.pB10-A,79,1.0039166819451025e-10,0.2435128205128205
pHFC_S.pB10-A,80,1.610000000000001e-10,0.2435128205128205
pHFC_S.pB10-A,81,1.610000000000001e-18,0.264025641025641
pHFC_S.pB10-A,82,2.581987177439639e-18,0.264025641025641
pHFC_S.pB10-A,83,4.140781232585534e-18,0.264025641025641
pHFC_S.pB10-A,84,6.640648476471201e-18,0.264025641025641
pHFC_S.pB10-A,85,1.0649732432380563e-17,0.264025641025641
pHFC_S.pB10-A,86,1.7079175517745127e-17,0.264025641025641
pHFC_S.pB10-A,87,2.7390193905626648e-17,0.264025641025641
pHFC_S.pB10-A,88,4.3926167361436834e-17,0.264025641025641
pHFC_S.pB10-A,89,7.044521793869464e-17,0.264025641025641
pHFC_S.pB10-A,90,1.1297431641593184e-16,0.264025641025641
pHFC_S.pB10-A,91,1.811790287987232e-16,0.264025641025641
pHFC_S.pB10-A,92,2.90560204459174e-16,0.264025641025641
pHFC_S.pB10-A,93,4.659768460793973e-16,0.264025641025641
pHFC_S.pB10-A,94,7.472958022116568e-16,0.264025641025641
pHFC_S.pB10-A,95,1.198452285133524e-15,0.264025641025641
pHFC_S.pB10-A,96,1.9219803931602427e-15,0.264025641025641
pHFC_S.pB10-A,97,3.0823159816336275e-15,0.264025641025641
pHFC_S.pB10-A,98,4.943167913910141e-15,0.264025641025641
pHFC_S.pB10-A,99,7.927451037047843e-15,0.264025641025641
pHFC_S.pB10-A,100,1.2713401818284578e-14,0.264025641025641
pHFC_S.pB10-A,101,2.038872079282519e-14,0.264025641025641
pHFC_S.pB10-A,102,3.2697773696566185e-14,0.264025641025641
pHFC_S.pB10-A,103,5.2438032556122537e-14,0.264025641025641
pHFC_S.pB10-A,104,8.40958556956964e-14,0.264025641025641
pHFC_S.pB10-A,105,1.3486610005099515e-13,0.264025641025641
pHFC_S.pB10-A,106,2.1628729254842283e-13,0.264025641025641
pHFC_S.pB10-A,107,3.4686398509513254e-13,0.264025641025641
pHFC_S.pB10-A,108,5.562722744293475e-13,0.264025641025641
pHFC_S.pB10-A,109,8.921042731315306e-13,0.264025641025641
pHFC_S.pB10-A,110,1.4306843442016895e-12,0.264025641025641
pHFC_S.pB10-A,111,2.2944152991878257e-12,0.264025641025641
pHFC_S.pB10-A,112,3.679596821257326e-12,0.264025641025641
pHFC_S.pB10-A,113,5.901038391698202e-12,0.264025641025641
pHFC_S.pB10-A,114,9.463605876362633e-12,0.264025641025641
pHFC_S.pB10-A,115,1.5176962127397964e-11,0.264025641025641
pHFC_S.pB10-A,116,2.4339578636912142e-11,0.264025641025641
pHFC_S.pB10-A,117,3.903383847502539e-11,0.264025641025641
pHFC_S.pB10-A,118,6.259929840296021e-11,0.264025641025641
pHFC_S.pB10-A,119,1.0039166819451025e-10,0.264025641025641
pHFC_S.pB10-A,120,1.610000000000001e-10,0.264025641025641
pHFC_S.pB10-A,121,1.610000000000001e-18,0.2845384615384615
pHFC_S.pB10-A,122,2.581987177439639e-18,0.2845384615384615
pHFC_S.pB10-A,123,4.140781232585534e-18,0.2845384615384615
pHFC_S.pB10-A,124,6.640648476471201e-18,0.2845384615384615
pHFC_S.pB10-A,125,1.0649732432380563e-17,0.2845384615384615
pHFC_S.pB10-A,126,1.7079175517745127e-17,0.2845384615384615
pHFC_S.pB10-A,127,2.7390193905626648e-17,0.2845384615384615
pHFC_S.pB10-A,128,4.3926167361436834e-17,0.2845384615384615
pHFC_S.pB10-A,129,7.044521793869464e-17,0.2845384615384615
pHFC_S.pB10-A,130,1.1297431641593184e-16,0.2845384615384615
pHFC_S.pB10-A,131,1.811790287987232e-16,0.2845384615384615
pHFC_S.pB10-A,132,2.90560204459174e-16,0.2845384615384615
pHFC_S.pB10-A,133,4.659768460793973e-16,0.2845384615384615
pHFC_S.pB10-A,134,7.472958022116568e-16,0.2845384615384615
pHFC_S.pB10-A,135,1.198452285133524e-15,0.2845384615384615
pHFC_S.pB10-A,136,1.9219803931602427e-15,0.2845384615384615
pHFC_S.pB10-A,137,3.0823159816336275e-15,0.2845384615384615
pHFC_S.pB10-A,138,4.943167913910141e-15,0.2845384615384615
pHFC_S.pB10-A,139,7.927451037047843e-15,0.2845384615384615
pHFC_S.pB10-A,140,1.2713401818284578e-14,0.2845384615384615
pHFC_S.pB10-A,141,2.038872079282519e-14,0.2845384615384615
pHFC_S.pB10-A,142,3.2697773696566185e-14,0.2845384615384615
pHFC_S.pB10-A,143,5.2438032556122537e-14,0.2845384615384615
pHFC_S.pB10-A,144,8.40958556956964e-14,0.2845384615384615
pHFC_S.pB10-A,145,1.3486610005099515e-13,0.2845384615384615
pHFC_S.pB10-A,146,2.1628729254842283e-13,0.2845384615384615
pHFC_S.pB10-A,147,3.4686398509513254e-13,0.2845384615384615
pHFC_S.pB10-A,148,5.562722744293475e-13,0.2845384615384615
pHFC_S.pB10-A,149,8.921042731315306e-13,0.2845384615384615
pHFC_S.pB10-A,150,1.4306843442016895e-12,0.2845384615384615
pHFC_S.pB10-A,151,2.2944152991878257e-12,0.2845384615384615
pHFC_S.pB10-A,152,3.679596821257326e-12,0.2845384615384615
pHFC_S.pB10-A,153,5.901038391698202e-12,0.2845384615384615
pHFC_S.pB10-A,154,9.463605876362633e-12,0.2845384615384615
pHFC_S.pB10-A,155,1.5176962127397964e-11,0.2845384615384615
pHFC_S.pB10-A,156,2.4339578636912142e-11,0.2845384615384615
pHFC_S.pB10-A,157,3.903383847502539e-11,0.2845384615384615
pHFC_S.pB10-A,158,6.259929840296021e-11,0.2845384615384615
pHFC_S.pB10-A,159,1.0039166819451025e-10,0.2845384615384615
pHFC_S.pB10-A,160,1.610000000000001e-10,0.2845384615384615
pHFC_S.pB10-A,161,1.610000000000001e-18,0.30505128205128207
pHFC_S.pB10-A,162,2.581987177439639e-18,0.30505128205128207
pHFC_S.pB10-A,163,4.140781232585534e-18,0.30505128205128207
pHFC_S.pB10-A,164,6.640648476471201e-18,0.30505128205128207
pHFC_S.pB10-A,165,1.0649732432380563e-17,0.30505128205128207
pHFC_S.pB10-A,166,1.7079175517745127e-17,0.30505128205128207
pHFC_S.pB10-A,167,2.7390193905626648e-17,0.30505128205128207
pHFC_S.pB10-A,168,4.3926167361436834e-17,0.30505128205128207
pHFC_S.pB10-A,169,7.044521793869464e-17,0.30505128205128207
pHFC_S.pB10-A,170,1.1297431641593184e-16,0.30505128205128207
pHFC_S.pB10-A,171,1.811790287987232e-16,0.30505128205128207
pHFC_S.pB10-A,172,2.90560204459174e-16,0.30505128205128207
pHFC_S.pB10-A,173,4.659768460793973e-16,0.30505128205128207
pHFC_S.pB10-A,174,7.472958022116568e-16,0.30505128205128207
pHFC_S.pB10-A,175,1.198452285133524e-15,0.30505128205128207
pHFC_S.pB10-A,176,1.9219803931602427e-15,0.30505128205128207
pHFC_S.pB10-A,177,3.0823159816336275e-15,0.30505128205128207
pHFC_S.pB10-A,178,4.943167913910141e-15,0.30505128205128207
pHFC_S.pB10-A,179,7.927451037047843e-15,0.30505128205128207
pHFC_S.pB10-A,180,1.2713401818284578e-14,0.30505128205128207
pHFC_S.pB10-A,181,2.038872079282519e-14,0.30505128205128207
pHFC_S.pB10-A,182,3.2697773696566185e-14,0.30505128205128207
pHFC_S.pB10-A,183,5.2438032556122537e-14,0.30505128205128207
pHFC_S.pB10-A,184,8.40958556956964e-14,0.30505128205128207
pHFC_S.pB10-A,185,1.3486610005099515e-13,0.30505128205128207
pHFC_S.pB10-A,186,2.1628729254842283e-13,0.30505128205128207
pHFC_S.pB10-A,187,3.4686398509513254e-13,0.30505128205128207
pHFC_S.pB10-A,188,5.562722744293475e-13,0.30505128205128207
pHFC_S.pB10-A,189,8.921042731315306e-13,0.30505128205128207
pHFC_S.pB10-A,190,1.4306843442016895e-12,0.30505128205128207
pHFC_S.pB10-A,191,2.2944152991878257e-12,0.30505128205128207
pHFC_S.pB10-A,192,3.679596821257326e-12,0.30505128205128207
pHFC_S.pB10-A,193,5.901038391698202e-12,0.30505128205128207
pHFC_S.pB10-A,194,9.463605876362633e-12,0.30505128205128207
pHFC_S.pB10-A,195,1.5176962127397964e-11,0.30505128205128207
pHFC_S.pB10-A,196,2.4339578636912142e-11,0.30505128205128207
pHFC_S.pB10-A,197,3.903383847502539e-11,0.30505128205128207
pHFC_S.pB10-A,198,6.259929840296021e-11,0.30505128205128207
pHFC_S.pB10-A,199,1.0039166819451025e-10,0.30505128205128207
pHFC_S.pB10-A,200,1.610000000000001e-10,0.30505128205128207
pHFC_S.pB10-A,201,1.610000000000001e-18,0.32556410256410256
pHFC_S.pB10-A,202,2.581987177439639e-18,0.32556410256410256
pHFC_S.pB10-A,203,4.140781232585534e-18,0.32556410256410256
pHFC_S.pB10-A,204,6.640648476471201e-18,0.32556410256410256
pHFC_S.pB10-A,205,1.0649732432380563e-17,0.32556410256410256
pHFC_S.pB10-A,206,1.7079175517745127e-17,0.32556410256410256
pHFC_S.pB10-A,207,2.7390193905626648e-17,0.32556410256410256
pHFC_S.pB10-A,208,4.3926167361436834e-17,0.32556410256410256
pHFC_S.pB10-A,209,7.044521793869464e-17,0.32556410256410256
pHFC_S.pB10-A,210,1.1297431641593184e-16,0.32556410256410256
pHFC_S.pB10-A,211,1.811790287987232e-16,0.32556410256410256
pHFC_S.pB10-A,212,2.90560204459174e-16,0.32556410256410256
pHFC_S.pB10-A,213,4.659768460793973e-16,0.32556410256410256
pHFC_S.pB10-A,214,7.472958022116568e-16,0.32556410256410256
pHFC_S.pB10-A,215,1.198452285133524e-15,0.32556410256410256
pHFC_S.pB10-A,216,1.9219803931602427e-15,0.32556410256410256
pHFC_S.pB10-A,217,3.0823159816336275e-15,0.32556410256410256
pHFC_S.pB10-A,218,4.943167913910141e-15,0.32556410256410256
pHFC_S.pB10-A,219,7.927451037047843e-15,0.32556410256410256
pHFC_S.pB10-A,220,1.2713401818284578e-14,0.32556410256410256
pHFC_S.pB10-A,221,2.038872079282519e-14,0.32556410256410256
pHFC_S.pB10-A,222,3.2697773696566185e-14,0.32556410256410256
pHFC_S.pB10-A,223,5.2438032556122537e-14,0.32556410256410256
pHFC_S.pB10-A,224,8.40958556956964e-14,0.32556410256410256
pHFC_S.pB10-A,225,1.3486610005099515e-13,0.32556410256410256
pHFC_S.pB10-A,226,2.1628729254842283e-13,0.32556410256410256
pHFC_S.pB10-A,227,3.4686398509513254e-13,0.32556410256410256
pHFC_S.pB10-A,228,5.562722744293475e-13,0.32556410256410256
pHFC_S.pB10-A,229,8.921042731315306e-13,0.32556410256410256
pHFC_S.pB10-A,230,1.4306843442016895e-12,0.32556410256410256
pHFC_S.pB10-A,231,2.2944152991878257e-12,0.32556410256410256
pHFC_S.pB10-A,232,3.679596821257326e-12,0.32556410256410256
pHFC_S.pB10-A,233,5.901038391698202e-12,0.32556410256410256
pHFC_S.pB10-A,234,9.463605876362633e-12,0.32556410256410256
pHFC_S.pB10-A,235,1.5176962127397964e-11,0.32556410256410256
pHFC_S.pB10-A,236,2.4339578636912142e-11,0.32556410256410256
pHFC_S.pB10-A,237,3.903383847502539e-11,0.32556410256410256
pHFC_S.pB10-A,238,6.259929840296021e-11,0.32556410256410256
pHFC_S.pB10-A,239,1.0039166819451025e-10,0.32556410256410256
pHFC_S.pB10-A,240,1.610000000000001e-10,0.32556410256410256
pHFC_S.pB10-A,241,1.610000000000001e-18,0.34607692307692306
pHFC_S.pB10-A,242,2.581987177439639e-18,0.34607692307692306
pHFC_S.pB10-A,243,4.140781232585534e-18,0.34607692307692306
pHFC_S.pB10-A,244,6.640648476471201e-18,0.34607692307692306
pHFC_S.pB10-A,245,1.0649732432380563e-17,0.34607692307692306
pHFC_S.pB10-A,246,1.7079175517745127e-17,0.34607692307692306
pHFC_S.pB10-A,247,2.7390193905626648e-17,0.34607692307692306
pHFC_S.pB10-A,248,4.3926167361436834e-17,0.34607692307692306
pHFC_S.pB10-A,249,7.044521793869464e-17,0.34607692307692306
pHFC_S.pB10-A,250,1.1297431641593184e-16,0.34607692307692306
pHFC_S.pB10-A,251,1.811790287987232e-16,0.34607692307692306
pHFC_S.pB10-A,252,2.90560204459174e-16,0.34607692307692306
pHFC_S.pB10-A,253,4.659768460793973e-16,0.34607692307692306
pHFC_S.pB10-A,254,7.472958022116568e-16,0.34607692307692306
pHFC_S.pB10-A,255,1.198452285133524e-15,0.34607692307692306
pHFC_S.pB10-A,256,1.9219803931602427e-15,0.34607692307692306
pHFC_S.pB10-A,257,3.0823159816336275e-15,0.34607692307692306
pHFC_S.pB10-A,258,4.943167913910141e-15,0.34607692307692306
pHFC_S.pB10-A,259,7.927451037047843e-15,0.34607692307692306
pHFC_S.pB10-A,260,1.2713401818284578e-14,0.34607692307692306
pHFC_S.pB10-A,261,2.038872079282519e-14,0.34607692307692306
pHFC_S.pB10-A,262,3.2697773696566185e-14,0.34607692307692306
pHFC_S.pB10-A,263,5.2438032556122537e-14,0.34607692307692306
pHFC_S.pB10-A,264,8.40958556956964e-14,0.34607692307692306
pHFC_S.pB10-A,265,1.3486610005099515e-13,0.34607692307692306
pHFC_S.pB10-A,266,2.1628729254842283e-13,0.34607692307692306
pHFC_S.pB10-A,267,3.4686398509513254e-13,0.34607692307692306
pHFC_S.pB10-A,268,5.562722744293475e-13,0.34607692307692306
pHFC_S.pB10-A,269,8.921042731315306e-13,0.34607692307692306
pHFC_S.pB10-A,270,1.4306843442016895e-12,0.34607692307692306
pHFC_S.pB10-A,271,2.2944152991878257e-12,0.34607692307692306
pHFC_S.pB10-A,272,3.679596821257326e-12,0.34607692307692306
pHFC_S.pB10-A,273,5.901038391698202e-12,0.34607692307692306
pHFC_S.pB10-A,274,9.463605876362633e-12,0.34607692307692306
pHFC_S.pB10-A,275,1.5176962127397964e-11,0.34607692307692306
pHFC_S.pB10-A,276,2.4339578636912142e-11,0.34607692307692306
pHFC_S.pB10-A,277,3.903383847502539e-11,0.34607692307692306
pHFC_S.pB10-A,278,6.259929840296021e-11,0.34607692307692306
pHFC_S.pB10-A,279,1.0039166819451025e-10,0.34607692307692306
pHFC_S.pB10-A,280,1.610000000000001e-10,0.34607692307692306
pHFC_S.pB10-A,281,1.610000000000001e-18,0.3665897435897436
pHFC_S.pB10-A,282,2.581987177439639e-18,0.3665897435897436
pHFC_S.pB10-A,283,4.140781232585534e-18,0.3665897435897436
pHFC_S.pB10-A,284,6.640648476471201e-18,0.3665897435897436
pHFC_S.pB10-A,285,1.0649732432380563e-17,0.3665897435897436
pHFC_S.pB10-A,286,1.7079175517745127e-17,0.3665897435897436
pHFC_S.pB10-A,287,2.7390193905626648e-17,0.3665897435897436
pHFC_S.pB10-A,288,4.3926167361436834e-17,0.3665897435897436
pHFC_S.pB10-A,289,7.044521793869464e-17,0.3665897435897436
pHFC_S.pB10-A,290,1.1297431641593184e-16,0.3665897435897436
pHFC_S.pB10-A,291,1.811790287987232e-16,0.3665897435897436
pHFC_S.pB10-A,292,2.90560204459174e-16,0.3665897435897436
pHFC_S.pB10-A,293,4.659768460793973e-16,0.3665897435897436
pHFC_S.pB10-A,294,7.472958022116568e-16,0.3665897435897436
pHFC_S.pB10-A,295,1.198452285133524e-15,0.3665897435897436
pHFC_S.pB10-A,296,1.9219803931602427e-15,0.3665897435897436
pHFC_S.pB10-A,297,3.0823159816336275e-15,0.3665897435897436
pHFC_S.pB10-A,298,4.943167913910141e-15,0.3665897435897436
pHFC_S.pB10-A,299,7.927451037047843e-15,0.3665897435897436
pHFC_S.pB10-A,300,1.2713401818284578e-14,0.3665897435897436
pHFC_S.pB10-A,301,2.038872079282519e-14,0.3665897435897436
pHFC_S.pB10-A,302,3.2697773696566185e-14,0.3665897435897436
pHFC_S.pB10-A,303,5.2438032556122537e-14,0.3665897435897436
pHFC_S.pB10-A,304,8.40958556956964e-14,0.3665897435897436
pHFC_S.pB10-A,305,1.3486610005099515e-13,0.3665897435897436
pHFC_S.pB10-A,306,2.1628729254842283e-13,0.3665897435897436
pHFC_S.pB10-A,307,3.4686398509513254e-13,0.3665897435897436
pHFC_S.pB10-A,308,5.562722744293475e-13,0.3665897435897436
pHFC_S.pB10-A,309,8.921042731315306e-13,0.3665897435897436
pHFC_S.pB10-A,310,1.4306843442016895e-12,0.3665897435897436
pHFC_S.pB10-A,311,2.2944152991878257e-12,0.3665897435897436
pHFC_S.pB10-A,312,3.679596821257326e-12,0.3665897435897436
pHFC_S.pB10-A,313,5.901038391698202e-12,0.3665897435897436
pHFC_S.pB10-A,314,9.463605876362633e-12,0.3665897435897436
pHFC_S.pB10-A,315,1.5176962127397964e-11,0.3665897435897436
pHFC_S.pB10-A,316,2.4339578636912142e-11,0.3665897435897436
pHFC_S.pB10-A,317,3.903383847502539e-11,0.3665897435897436
pHFC_S.pB10-A,318,6.259929840296021e-11,0.3665897435897436
pHFC_S.pB10-A,319,1.0039166819451025e-10,0.3665897435897436
pHFC_S.pB10-A,320,1.610000000000001e-10,0.3665897435897436
pHFC_S.pB10-A,321,1.610000000000001e-18,0.3871025641025641
pHFC_S.pB10-A,322,2.581987177439639e-18,0.3871025641025641
pHFC_S.pB10-A,323,4.140781232585534e-18,0.3871025641025641
pHFC_S.pB10-A,324,6.640648476471201e-18,0.3871025641025641
pHFC_S.pB10-A,325,1.0649732432380563e-17,0.3871025641025641
pHFC_S.pB10-A,326,1.7079175517745127e-17,0.3871025641025641
pHFC_S.pB10-A,327,2.7390193905626648e-17,0.3871025641025641
pHFC_S.pB10-A,328,4.3926167361436834e-17,0.3871025641025641
pHFC_S.pB10-A,329,7.044521793869464e-17,0.3871025641025641
pHFC_S.pB10-A,330,1.1297431641593184e-16,0.3871025641025641
pHFC_S.pB10-A,331,1.811790287987232e-16,0.3871025641025641
pHFC_S.pB10-A,332,2.90560204459174e-16,0.3871025641025641
pHFC_S.pB10-A,333,4.659768460793973e-16,0.3871025641025641
pHFC_S.pB10-A,334,7.472958022116568e-16,0.3871025641025641
pHFC_S.pB10-A,335,1.198452285133524e-15,0.3871025641025641
pHFC_S.pB10-A,336,1.9219803931602427e-15,0.3871025641025641
pHFC_S.pB10-A,337,3.0823159816336275e-15,0.3871025641025641
pHFC_S.pB10-A,338,4.943167913910141e-15,0.3871025641025641
pHFC_S.pB10-A,339,7.927451037047843e-15,0.3871025641025641
pHFC_S.pB10-A,340,1.2713401818284578e-14,0.3871025641025641
pHFC_S.pB10-A,341,2.038872079282519e-14,0.3871025641025641
pHFC_S.pB10-A,342,3.2697773696566185e-14,0.3871025641025641
pHFC_S.pB10-A,343,5.2438032556122537e-14,0.3871025641025641
pHFC_S.pB10-A,344,8.40958556956964e-14,0.3871025641025641
pHFC_S.pB10-A,345,1.3486610005099515e-13,0.3871025641025641
pHFC_S.pB10-A,346,2.1628729254842283e-13,0.3871025641025641
pHFC_S.pB10-A,347,3.4686398509513254e-13,0.3871025641025641
pHFC_S.pB10-A,348,5.562722744293475e-13,0.3871025641025641
pHFC_S.pB10-A,349,8.921042731315306e-13,0.3871025641025641
pHFC_S.pB10-A,350,1.4306843442016895e-12,0.3871025641025641
pHFC_S.pB10-A,351,2.2944152991878257e-12,0.3871025641025641
pHFC_S.pB10-A,352,3.679596821257326e-12,0.3871025641025641
pHFC_S.pB10-A,353,5.901038391698202e-12,0.3871025641025641
pHFC_S.pB10-A,354,9.463605876362633e-12,0.3871025641025641
pHFC_S.pB10-A,355,1.5176962127397964e-11,0.3871025641025641
pHFC_S.pB10-A,356,2.4339578636912142e-11,0.3871025641025641
pHFC_S.pB10-A,357,3.903383847502539e-11,0.3871025641025641
pHFC_S.pB10-A,358,6.259929840296021e-11,0.3871025641025641
pHFC_S.pB10-A,359,1.0039166819451025e-10,0.3871025641025641
pHFC_S.pB10-A,360,1.610000000000001e-10,0.3871025641025641
pHFC_S.pB10-A,361,1.610000000000001e-18,0.4076153846153846
pHFC_S.pB10-A,362,2.581987177439639e-18,0.4076153846153846
pHFC_S.pB10-A,363,4.140781232585534e-18,0.4076153846153846
pHFC_S.pB10-A,364,6.640648476471201e-18,0.4076153846153846
pHFC_S.pB10-A,365,1.0649732432380563e-17,0.4076153846153846
pHFC_S.pB10-A,366,1.7079175517745127e-17,0.4076153846153846
pHFC_S.pB10-A,367,2.7390193905626648e-17,0.4076153846153846
pHFC_S.pB10-A,368,4.3926167361436834e-17,0.4076153846153846
pHFC_S.pB10-A,369,7.044521793869464e-17,0.4076153846153846
pHFC_S.pB10-A,370,1.1297431641593184e-16,0.4076153846153846
pHFC_S.pB10-A,371,1.811790287987232e-16,0.4076153846153846
pHFC_S.pB10-A,372,2.90560204459174e-16,0.4076153846153846
pHFC_S.pB10-A,373,4.659768460793973e-16,0.4076153846153846
pHFC_S.pB10-A,374,7.472958022116568e-16,0.4076153846153846
pHFC_S.pB10-A,375,1.198452285133524e-15,0.4076153846153846
pHFC_S.pB10-A,376,1.9219803931602427e-15,0.4076153846153846
pHFC_S.pB10-A,377,3.0823159816336275e-15,0.4076153846153846
pHFC_S.pB10-A,378,4.943167913910141e-15,0.4076153846153846
pHFC_S.pB10-A,379,7.927451037047843e-15,0.4076153846153846
pHFC_S.pB10-A,380,1.2713401818284578e-14,0.4076153846153846
pHFC_S.pB10-A,381,2.038872079282519e-14,0.4076153846153846
pHFC_S.pB10-A,382,3.2697773696566185e-14,0.4076153846153846
pHFC_S.pB10-A,383,5.2438032556122537e-14,0.4076153846153846
pHFC_S.pB10-A,384,8.40958556956964e-14,0.4076153846153846
pHFC_S.pB10-A,385,1.3486610005099515e-13,0.4076153846153846
pHFC_S.pB10-A,386,2.1628729254842283e-13,0.4076153846153846
pHFC_S.pB10-A,387,3.4686398509513254e-13,0.4076153846153846
pHFC_S.pB10-A,388,5.562722744293475e-13,0.4076153846153846
pHFC_S.pB10-A,389,8.921042731315306e-13,0.4076153846153846
pHFC_S.pB10-A,390,1.4306843442016895e-12,0.4076153846153846
pHFC_S.pB10-A,391,2.2944152991878257e-12,0.4076153846153846
pHFC_S.pB10-A,392,3.679596821257326e-12,0.4076153846153846
pHFC_S.pB10-A,393,5.901038391698202e-12,0.4076153846153846
pHFC_S.pB10-A,394,9.463605876362633e-12,0.4076153846153846
pHFC_S.pB10-A,395,1.5176962127397964e-11,0.4076153846153846
pHFC_S.pB10-A,396,2.4339578636912142e-11,0.4076153846153846
pHFC_S.pB10-A,397,3.903383847502539e-11,0.4076153846153846
pHFC_S.pB10-A,398,6.259929840296021e-11,0.4076153846153846
pHFC_S.pB10-A,399,1.0039166819451025e-10,0.4076153846153846
pHFC_S.pB10-A,400,1.610000000000001e-10,0.4076153846153846
pHFC_S.pB10-A,401,1.610000000000001e-18,0.42812820512820515
pHFC_S.pB10-A,402,2.581987177439639e-18,0.42812820512820515
pHFC_S.pB10-A,403,4.140781232585534e-18,0.42812820512820515
pHFC_S.pB10-A,404,6.640648476471201e-18,0.42812820512820515
pHFC_S.pB10-A,405,1.0649732432380563e-17,0.42812820512820515
pHFC_S.pB10-A,406,1.7079175517745127e-17,0.42812820512820515
pHFC_S.pB10-A,407,2.7390193905626648e-17,0.42812820512820515
pHFC_S.pB10-A,408,4.3926167361436834e-17,0.42812820512820515
pHFC_S.pB10-A,409,7.044521793869464e-17,0.42812820512820515
pHFC_S.pB10-A,410,1.1297431641593184e-16,0.42812820512820515
pHFC_S.pB10-A,411,1.811790287987232e-16,0.42812820512820515
pHFC_S.pB10-A,412,2.90560204459174e-16,0.42812820512820515
pHFC_S.pB10-A,413,4.659768460793973e-16,0.42812820512820515
pHFC_S.pB10-A,414,7.472958022116568e-16,0.42812820512820515
pHFC_S.pB10-A,415,1.198452285133524e-15,0.42812820512820515
pHFC_S.pB10-A,416,1.9219803931602427e-15,0.42812820512820515
pHFC_S.pB10-A,417,3.0823159816336275e-15,0.42812820512820515
pHFC_S.pB10-A,418,4.943167913910141e-15,0.42812820512820515
pHFC_S.pB10-A,419,7.927451037047843e-15,0.42812820512820515
pHFC_S.pB10-A,420,1.2713401818284578e-14,0.42812820512820515
pHFC_S.pB10-A,421,2.038872079282519e-14,0.42812820512820515
pHFC_S.pB10-A,422,3.2697773696566185e-14,0.42812820512820515
pHFC_S.pB10-A,423,5.2438032556122537e-14,0.42812820512820515
pHFC_S.pB10-A,424,8.40958556956964e-14,0.42812820512820515
pHFC_S.pB10-A,425,1.3486610005099515e-13,0.42812820512820515
pHFC_S.pB10-A,426,2.1628729254842283e-13,0.42812820512820515
pHFC_S.pB10-A,427,3.4686398509513254e-13,0.42812820512820515
pHFC_S.pB10-A,428,5.562722744293475e-13,0.42812820512820515
pHFC_S.pB10-A,429,8.921042731315306e-13,0.42812820512820515
pHFC_S.pB10-A,430,1.4306843442016895e-12,0.42812820512820515
pHFC_S.pB10-A,431,2.2944152991878257e-12,0.42812820512820515
pHFC_S.pB10-A,432,3.679596821257326e-12,0.42812820512820515
pHFC_S.pB10-A,433,5.901038391698202e-12,0.42812820512820515
pHFC_S.pB10-A,434,9.463605876362633e-12,0.42812820512820515
pHFC_S.pB10-A,435,1.5176962127397964e-11,0.42812820512820515
pHFC_S.pB10-A,436,2.4339578636912142e-11,0.42812820512820515
pHFC_S.pB10-A,437,3.903383847502539e-11,0.42812820512820515
pHFC_S.pB10-A,438,6.259929840296021e-11,0.42812820512820515
pHFC_S.pB10-A,439,1.0039166819451025e-10,0.42812820512820515
pHFC_S.pB10-A,440,1.610000000000001e-10,0.42812820512820515
pHFC_S.pB10-A,441,1.610000000000001e-18,0.44864102564102565
pHFC_S.pB10-A,442,2.581987177439639e-18,0.44864102564102565
pHFC_S.pB10-A,443,4.140781232585534e-18,0.44864102564102565
pHFC_S.pB10-A,444,6.640648476471201e-18,0.44864102564102565
pHFC_S.pB10-A,445,1.0649732432380563e-17,0.44864102564102565
pHFC_S.pB10-A,446,1.7079175517745127e-17,0.44864102564102565
pHFC_S.pB10-A,447,2.7390193905626648e-17,0.44864102564102565
pHFC_S.pB10-A,448,4.3926167361436834e-17,0.44864102564102565
pHFC_S.pB10-A,449,7.044521793869464e-17,0.44864102564102565
pHFC_S.pB10-A,450,1.1297431641593184e-16,0.44864102564102565
pHFC_S.pB10-A,451,1.811790287987232e-16,0.44864102564102565
pHFC_S.pB10-A,452,2.90560204459174e-16,0.44864102564102565
pHFC_S.pB10-A,453,4.659768460793973e-16,0.44864102564102565
pHFC_S.pB10-A,454,7.472958022116568e-16,0.44864102564102565
pHFC_S.pB10-A,455,1.198452285133524e-15,0.44864102564102565
pHFC_S.pB10-A,456,1.9219803931602427e-15,0.44864102564102565
pHFC_S.pB10-A,457,3.0823159816336275e-15,0.44864102564102565
pHFC_S.pB10-A,458,4.943167913910141e-15,0.44864102564102565
pHFC_S.pB10-A,459,7.927451037047843e-15,0.44864102564102565
pHFC_S.pB10-A,460,1.2713401818284578e-14,0.44864102564102565
pHFC_S.pB10-A,461,2.038872079282519e-14,0.44864102564102565
pHFC_S.pB10-A,462,3.2697773696566185e-14,0.44864102564102565
pHFC_S.pB10-A,463,5.2438032556122537e-14,0.44864102564102565
pHFC_S.pB10-A,464,8.40958556956964e-14,0.44864102564102565
pHFC_S.pB10-A,465,1.3486610005099515e-13,0.44864102564102565
pHFC_S.pB10-A,466,2.1628729254842283e-13,0.44864102564102565
pHFC_S.pB10-A,467,3.4686398509513254e-13,0.44864102564102565
pHFC_S.pB10-A,468,5.562722744293475e-13,0.44864102564102565
pHFC_S.pB10-A,469,8.921042731315306e-13,0.44864102564102565
pHFC_S.pB10-A,470,1.4306843442016895e-12,0.44864102564102565
pHFC_S.pB10-A,471,2.2944152991878257e-12,0.44864102564102565
pHFC_S.pB10-A,472,3.679596821257326e-12,0.44864102564102565
pHFC_S.pB10-A,473,5.901038391698202e-12,0.44864102564102565
pHFC_S.pB10-A,474,9.463605876362633e-12,0.44864102564102565
pHFC_S.pB10-A,475,1.5176962127397964e-11,0.44864102564102565
pHFC_S.pB10-A,476,2.4339578636912142e-11,0.44864102564102565
pHFC_S.pB10-A,477,3.903383847502539e-11,0.44864102564102565
pHFC_S.pB10-A,478,6.259929840296021e-11,0.44864102564102565
pHFC_S.pB10-A,479,1.0039166819451025e-10,0.44864102564102565
pHFC_S.pB10-A,480,1.610000000000001e-10,0.44864102564102565
pHFC_S.pB10-A,481,1.610000000000001e-18,0.46915384615384614
pHFC_S.pB10-A,482,2.581987177439639e-18,0.46915384615384614
pHFC_S.pB10-A,483,4.140781232585534e-18,0.46915384615384614
pHFC_S.pB10-A,484,6.640648476471201e-18,0.46915384615384614
pHFC_S.pB10-A,485,1.0649732432380563e-17,0.46915384615384614
pHFC_S.pB10-A,486,1.7079175517745127e-17,0.46915384615384614
pHFC_S.pB10-A,487,2.7390193905626648e-17,0.46915384615384614
pHFC_S.pB10-A,488,4.3926167361436834e-17,0.46915384615384614
pHFC_S.pB10-A,489,7.044521793869464e-17,0.46915384615384614
pHFC_S.pB10-A,490,1.1297431641593184e-16,0.46915384615384614
pHFC_S.pB10-A,491,1.811790287987232e-16,0.46915384615384614
pHFC_S.pB10-A,492,2.90560204459174e-16,0.46915384615384614
pHFC_S.pB10-A,493,4.659768460793973e-16,0.46915384615384614
pHFC_S.pB10-A,494,7.472958022116568e-16,0.46915384615384614
pHFC_S.pB10-A,495,1.198452285133524e-15,0.46915384615384614
pHFC_S.pB10-A,496,1.9219803931602427e-15,0.46915384615384614
pHFC_S.pB10-A,497,3.0823159816336275e-15,0.46915384615384614
pHFC_S.pB10-A,498,4.943167913910141e-15,0.46915384615384614
pHFC_S.pB10-A,499,7.927451037047843e-15,0.46915384615384614
pHFC_S.pB10-A,500,1.2713401818284578e-14,0.46915384615384614
pHFC_S.pB10-A,501,2.038872079282519e-14,0.46915384615384614
pHFC_S.pB10-A,502,3.2697773696566185e-14,0.46915384615384614
pHFC_S.pB10-A,503,5.2438032556122537e-14,0.46915384615384614
pHFC_S.pB10-A,504,8.40958556956964e-14,0.46915384615384614
pHFC_S.pB10-A,505,1.3486610005099515e-13,0.46915384615384614
pHFC_S.pB10-A,506,2.1628729254842283e-13,0.46915384615384614
pHFC_S.pB10-A,507,3.4686398509513254e-13,0.46915384615384614
pHFC_S.pB10-A,508,5.562722744293475e-13,0.46915384615384614
pHFC_S.pB10-A,509,8.921042731315306e-13,0.46915384615384614
pHFC_S.pB10-A,510,1.4306843442016895e-12,0.46915384615384614
pHFC_S.pB10-A,511,2.2944152991878257e-12,0.46915384615384614
pHFC_S.pB10-A,512,3.679596821257326e-12,0.46915384615384614
pHFC_S.pB10-A,513,5.901038391698202e-12,0.46915384615384614
pHFC_S.pB10-A,514,9.463605876362633e-12,0.46915384615384614
pHFC_S.pB10-A,515,1.5176962127397964e-11,0.46915384615384614
pHFC_S.pB10-A,516,2.4339578636912142e-11,0.46915384615384614
pHFC_S.pB10-A,517,3.903383847502539e-11,0.46915384615384614
pHFC_S.pB10-A,518,6.259929840296021e-11,0.46915384615384614
pHFC_S.pB10-A,519,1.0039166819451025e-10,0.46915384615384614
pHFC_S.pB10-A,520,1.610000000000001e-10,0.46915384615384614
pHFC_S.pB10-A,521,1.610000000000001e-18,0.4896666666666667
pHFC_S.pB10-A,522,2.581987177439639e-18,0.4896666666666667
pHFC_S.pB10-A,523,4.140781232585534e-18,0.4896666666666667
pHFC_S.pB10-A,524,6.640648476471201e-18,0.4896666666666667
pHFC_S.pB10-A,525,1.0649732432380563e-17,0.4896666666666667
pHFC_S.pB10-A,526,1.7079175517745127e-17,0.4896666666666667
pHFC_S.pB10-A,527,2.7390193905626648e-17,0.4896666666666667
pHFC_S.pB10-A,528,4.3926167361436834e-17,0.4896666666666667
pHFC_S.pB10-A,529,7.044521793869464e-17,0.4896666666666667
pHFC_S.pB10-A,530,1.1297431641593184e-16,0.4896666666666667
pHFC_S.pB10-A,531,1.811790287987232e-16,0.4896666666666667
pHFC_S.pB10-A,532,2.90560204459174e-16,0.4896666666666667
pHFC_S.pB10-A,533,4.659768460793973e-16,0.4896666666666667
pHFC_S.pB10-A,534,7.472958022116568e-16,0.4896666666666667
pHFC_S.pB10-A,535,1.198452285133524e-15,0.4896666666666667
pHFC_S.pB10-A,536,1.9219803931602427e-15,0.4896666666666667
pHFC_S.pB10-A,537,3.0823159816336275e-15,0.4896666666666667
pHFC_S.pB10-A,538,4.943167913910141e-15,0.4896666666666667
pHFC_S.pB10-A,539,7.927451037047843e-15,0.4896666666666667
pHFC_S.pB10-A,540,1.2713401818284578e-14,0.4896666666666667
pHFC_S.pB10-A,541,2.038872079282519e-14,0.4896666666666667
pHFC_S.pB10-A,542,3.2697773696566185e-14,0.4896666666666667
pHFC_S.pB10-A,543,5.2438032556122537e-14,0.4896666666666667
pHFC_S.pB10-A,544,8.40958556956964e-14,0.4896666666666667
pHFC_S.pB10-A,545,1.3486610005099515e-13,0.4896666666666667
pHFC_S.pB10-A,546,2.1628729254842283e-13,0.4896666666666667
pHFC_S.pB10-A,547,3.4686398509513254e-13,0.4896666666666667
pHFC_S.pB10-A,548,5.562722744293475e-13,0.4896666666666667
pHFC_S.pB10-A,549,8.921042731315306e-13,0.4896666666666667
pHFC_S.pB10-A,550,1.4306843442016895e-12,0.4896666666666667
pHFC_S.pB10-A,551,2.2944152991878257e-12,0.4896666666666667
pHFC_S.pB10-A,552,3.679596821257326e-12,0.4896666666666667
pHFC_S.pB10-A,553,5.901038391698202e-12,0.4896666666666667
pHFC_S.pB10-A,554,9.463605876362633e-12,0.4896666666666667
pHFC_S.pB10-A,555,1.5176962127397964e-11,0.4896666666666667
pHFC_S.pB10-A,556,2.4339578636912142e-11,0.4896666666666667
pHFC_S.pB10-A,557,3.903383847502539e-11,0.4896666666666667
pHFC_S.pB10-A,558,6.259929840296021e-11,0.4896666666666667
pHFC_S.pB10-A,559,1.0039166819451025e-10,0.4896666666666667
pHFC_S.pB10-A,560,1.610000000000001e-10,0.4896666666666667
pHFC_S.pB10-A,561,1.610000000000001e-18,0.5101794871794871
pHFC_S.pB10-A,562,2.581987177439639e-18,0.5101794871794871
pHFC_S.pB10-A,563,4.140781232585534e-18,0.5101794871794871
pHFC_S.pB10-A,564,6.640648476471201e-18,0.5101794871794871
pHFC_S.pB10-A,565,1.0649732432380563e-17,0.5101794871794871
pHFC_S.pB10-A,566,1.7079175517745127e-17,0.5101794871794871
pHFC_S.pB10-A,567,2.7390193905626648e-17,0.5101794871794871
pHFC_S.pB10-A,568,4.3926167361436834e-17,0.5101794871794871
pHFC_S.pB10-A,569,7.044521793869464e-17,0.5101794871794871
pHFC_S.pB10-A,570,1.1297431641593184e-16,0.5101794871794871
pHFC_S.pB10-A,571,1.811790287987232e-16,0.5101794871794871
pHFC_S.pB10-A,572,2.90560204459174e-16,0.5101794871794871
pHFC_S.pB10-A,573,4.659768460793973e-16,0.5101794871794871
pHFC_S.pB10-A,574,7.472958022116568e-16,0.5101794871794871
pHFC_S.pB10-A,575,1.198452285133524e-15,0.5101794871794871
pHFC_S.pB10-A,576,1.9219803931602427e-15,0.5101794871794871
pHFC_S.pB10-A,577,3.0823159816336275e-15,0.5101794871794871
pHFC_S.pB10-A,578,4.943167913910141e-15,0.5101794871794871
pHFC_S.pB10-A,579,7.927451037047843e-15,0.5101794871794871
pHFC_S.pB10-A,580,1.2713401818284578e-14,0.5101794871794871
pHFC_S.pB10-A,581,2.038872079282519e-14,0.5101794871794871
pHFC_S.pB10-A,582,3.2697773696566185e-14,0.5101794871794871
pHFC_S.pB10-A,583,5.2438032556122537e-14,0.5101794871794871
pHFC_S.pB10-A,584,8.40958556956964e-14,0.5101794871794871
pHFC_S.pB10-A,585,1.3486610005099515e-13,0.5101794871794871
pHFC_S.pB10-A,586,2.1628729254842283e-13,0.5101794871794871
pHFC_S.pB10-A,587,3.4686398509513254e-13,0.5101794871794871
pHFC_S.pB10-A,588,5.562722744293475e-13,0.5101794871794871
pHFC_S.pB10-A,589,8.921042731315306e-13,0.5101794871794871
pHFC_S.pB10-A,590,1.4306843442016895e-12,0.5101794871794871
pHFC_S.pB10-A,591,2.2944152991878257e-12,0.5101794871794871
pHFC_S.pB10-A,592,3.679596821257326e-12,0.5101794871794871
pHFC_S.pB10-A,593,5.901038391698202e-12,0.5101794871794871
pHFC_S.pB10-A,594,9.463605876362633e-12,0.5101794871794871
pHFC_S.pB10-A,595,1.5176962127397964e-11,0.5101794871794871
pHFC_S.pB10-A,596,2.4339578636912142e-11,0.5101794871794871
pHFC_S.pB10-A,597,3.903383847502539e-11,0.5101794871794871
pHFC_S.pB10-A,598,6.259929840296021e-11,0.5101794871794871
pHFC_S.pB10-A,599,1.0039166819451025e-10,0.5101794871794871
pHFC_S.pB10-A,600,1.610000000000001e-10,0.5101794871794871
pHFC_S.pB10-A,601,1.610000000000001e-18,0.5306923076923078
pHFC_S.pB10-A,602,2.581987177439639e-18,0.5306923076923078
pHFC_S.pB10-A,603,4.140781232585534e-18,0.5306923076923078
pHFC_S.pB10-A,604,6.640648476471201e-18,0.5306923076923078
pHFC_S.pB10-A,605,1.0649732432380563e-17,0.5306923076923078
pHFC_S.pB10-A,606,1.7079175517745127e-17,0.5306923076923078
pHFC_S.pB10-A,607,2.7390193905626648e-17,0.5306923076923078
pHFC_S.pB10-A,608,4.3926167361436834e-17,0.5306923076923078
pHFC_S.pB10-A,609,7.044521793869464e-17,0.5306923076923078
pHFC_S.pB10-A,610,1.1297431641593184e-16,0.5306923076923078
pHFC_S.pB10-A,611,1.811790287987232e-16,0.5306923076923078
pHFC_S.pB10-A,612,2.90560204459174e-16,0.5306923076923078
pHFC_S.pB10-A,613,4.659768460793973e-16,0.5306923076923078
pHFC_S.pB10-A,614,7.472958022116568e-16,0.5306923076923078
pHFC_S.pB10-A,615,1.198452285133524e-15,0.5306923076923078
pHFC_S.pB10-A,616,1.9219803931602427e-15,0.5306923076923078
pHFC_S.pB10-A,617,3.0823159816336275e-15,0.5306923076923078
pHFC_S.pB10-A,618,4.943167913910141e-15,0.5306923076923078
pHFC_S.pB10-A,619,7.927451037047843e-15,0.5306923076923078
pHFC_S.pB10-A,620,1.2713401818284578e-14,0.5306923076923078
pHFC_S.pB10-A,621,2.038872079282519e-14,0.5306923076923078
pHFC_S.pB10-A,622,3.2697773696566185e-14,0.5306923076923078
pHFC_S.pB10-A,623,5.2438032556122537e-14,0.5306923076923078
pHFC_S.pB10-A,624,8.40958556956964e-14,0.5306923076923078
pHFC_S.pB10-A,625,1.3486610005099515e-13,0.5306923076923078
pHFC_S.pB10-A,626,2.1628729254842283e-13,0.5306923076923078
pHFC_S.pB10-A,627,3.4686398509513254e-13,0.5306923076923078
pHFC_S.pB10-A,628,5.562722744293475e-13,0.5306923076923078
pHFC_S.pB10-A,629,8.921042731315306e-13,0.5306923076923078
pHFC_S.pB10-A,630,1.4306843442016895e-12,0.5306923076923078
pHFC_S.pB10-A,631,2.2944152991878257e-12,0.5306923076923078
pHFC_S.pB10-A,632,3.679596821257326e-12,0.5306923076923078
pHFC_S.pB10-A,633,5.901038391698202e-12,0.5306923076923078
pHFC_S.pB10-A,634,9.463605876362633e-12,0.5306923076923078
pHFC_S.pB10-A,635,1.5176962127397964e-11,0.5306923076923078
pHFC_S.pB10-A,636,2.4339578636912142e-11,0.5306923076923078
pHFC_S.pB10-A,637,3.903383847502539e-11,0.5306923076923078
pHFC_S.pB10-A,638,6.259929840296021e-11,0.5306923076923078
pHFC_S.pB10-A,639,1.0039166819451025e-10,0.5306923076923078
pHFC_S.pB10-A,640,1.610000000000001e-10,0.5306923076923078
pHFC_S.pB10-A,641,1.610000000000001e-18,0.5512051282051282
pHFC_S.pB10-A,642,2.581987177439639e-18,0.5512051282051282
pHFC_S.pB10-A,643,4.140781232585534e-18,0.5512051282051282
pHFC_S.pB10-A,644,6.640648476471201e-18,0.5512051282051282
pHFC_S.pB10-A,645,1.0649732432380563e-17,0.5512051282051282
pHFC_S.pB10-A,646,1.7079175517745127e-17,0.5512051282051282
pHFC_S.pB10-A,647,2.7390193905626648e-17,0.5512051282051282
pHFC_S.pB10-A,648,4.3926167361436834e-17,0.5512051282051282
pHFC_S.pB10-A,649,7.044521793869464e-17,0.5512051282051282
pHFC_S.pB10-A,650,1.1297431641593184e-16,0.5512051282051282
pHFC_S.pB10-A,651,1.811790287987232e-16,0.5512051282051282
pHFC_S.pB10-A,652,2.90560204459174e-16,0.5512051282051282
pHFC_S.pB10-A,653,4.659768460793973e-16,0.5512051282051282
pHFC_S.pB10-A,654,7.472958022116568e-16,0.5512051282051282
pHFC_S.pB10-A,655,1.198452285133524e-15,0.5512051282051282
pHFC_S.pB10-A,656,1.9219803931602427e-15,0.5512051282051282
pHFC_S.pB10-A,657,3.0823159816336275e-15,0.5512051282051282
pHFC_S.pB10-A,658,4.943167913910141e-15,0.5512051282051282
pHFC_S.pB10-A,659,7.927451037047843e-15,0.5512051282051282
pHFC_S.pB10-A,660,1.2713401818284578e-14,0.5512051282051282
pHFC_S.pB10-A,661,2.038872079282519e-14,0.5512051282051282
pHFC_S.pB10-A,662,3.2697773696566185e-14,0.5512051282051282
pHFC_S.pB10-A,663,5.2438032556122537e-14,0.5512051282051282
pHFC_S.pB10-A,664,8.40958556956964e-14,0.5512051282051282
pHFC_S.pB10-A,665,1.3486610005099515e-13,0.5512051282051282
pHFC_S.pB10-A,666,2.1628729254842283e-13,0.5512051282051282
pHFC_S.pB10-A,667,3.4686398509513254e-13,0.5512051282051282
pHFC_S.pB10-A,668,5.562722744293475e-13,0.5512051282051282
pHFC_S.pB10-A,669,8.921042731315306e-13,0.5512051282051282
pHFC_S.pB10-A,670,1.4306843442016895e-12,0.5512051282051282
pHFC_S.pB10-A,671,2.2944152991878257e-12,0.5512051282051282
pHFC_S.pB10-A,672,3.679596821257326e-12,0.5512051282051282
pHFC_S.pB10-A,673,5.901038391698202e-12,0.5512051282051282
pHFC_S.pB10-A,674,9.463605876362633e-12,0.5512051282051282
pHFC_S.pB10-A,675,1.5176962127397964e-11,0.5512051282051282
pHFC_S.pB10-A,676,2.4339578636912142e-11,0.5512051282051282
pHFC_S.pB10-A,677,3.903383847502539e-11,0.5512051282051282
pHFC_S.pB10-A,678,6.259929840296021e-11,0.5512051282051282
pHFC_S.pB10-A,679,1.0039166819451025e-10,0.5512051282051282
pHFC_S.pB10-A,680,1.610000000000001e-10,0.5512051282051282
pHFC_S.pB10-A,681,1.610000000000001e-18,0.5717179487179487
pHFC_S.pB10-A,682,2.581987177439639e-18,0.5717179487179487
pHFC_S.pB10-A,683,4.140781232585534e-18,0.5717179487179487
pHFC_S.pB10-A,684,6.640648476471201e-18,0.5717179487179487
pHFC_S.pB10-A,685,1.0649732432380563e-17,0.5717179487179487
pHFC_S.pB10-A,686,1.7079175517745127e-17,0.5717179487179487
pHFC_S.pB10-A,687,2.7390193905626648e-17,0.5717179487179487
pHFC_S.pB10-A,688,4.3926167361436834e-17,0.5717179487179487
pHFC_S.pB10-A,689,7.044521793869464e-17,0.5717179487179487
pHFC_S.pB10-A,690,1.1297431641593184e-16,0.5717179487179487
pHFC_S.pB10-A,691,1.811790287987232e-16,0.5717179487179487
pHFC_S.pB10-A,692,2.90560204459174e-16,0.5717179487179487
pHFC_S.pB10-A,693,4.659768460793973e-16,0.5717179487179487
pHFC_S.pB10-A,694,7.472958022116568e-16,0.5717179487179487
pHFC_S.pB10-A,695,1.198452285133524e-15,0.5717179487179487
pHFC_S.pB10-A,696,1.9219803931602427e-15,0.5717179487179487
pHFC_S.pB10-A,697,3.0823159816336275e-15,0.5717179487179487
pHFC_S.pB10-A,698,4.943167913910141e-15,0.5717179487179487
pHFC_S.pB10-A,699,7.927451037047843e-15,0.5717179487179487
pHFC_S.pB10-A,700,1.2713401818284578e-14,0.5717179487179487
pHFC_S.pB10-A,701,2.038872079282519e-14,0.5717179487179487
pHFC_S.pB10-A,702,3.2697773696566185e-14,0.5717179487179487
pHFC_S.pB10-A,703,5.2438032556122537e-14,0.5717179487179487
pHFC_S.pB10-A,704,8.40958556956964e-14,0.5717179487179487
pHFC_S.pB10-A,705,1.3486610005099515e-13,0.5717179487179487
pHFC_S.pB10-A,706,2.1628729254842283e-13,0.5717179487179487
pHFC_S.pB10-A,707,3.4686398509513254e-13,0.5717179487179487
pHFC_S.pB10-A,708,5.562722744293475e-13,0.5717179487179487
pHFC_S.pB10-A,709,8.921042731315306e-13,0.5717179487179487
pHFC_S.pB10-A,710,1.4306843442016895e-12,0.5717179487179487
pHFC_S.pB10-A,711,2.2944152991878257e-12,0.5717179487179487
pHFC_S.pB10-A,712,3.679596821257326e-12,0.5717179487179487
pHFC_S.pB10-A,713,5.901038391698202e-12,0.5717179487179487
pHFC_S.pB10-A,714,9.463605876362633e-12,0.5717179487179487
pHFC_S.pB10-A,715,1.5176962127397964e-11,0.5717179487179487
pHFC_S.pB10-A,716,2.4339578636912142e-11,0.5717179487179487
pHFC_S.pB10-A,717,3.903383847502539e-11,0.5717179487179487
pHFC_S.pB10-A,718,6.259929840296021e-11,0.5717179487179487
pHFC_S.pB10-A,719,1.0039166819451025e-10,0.5717179487179487
pHFC_S.pB10-A,720,1.610000000000001e-10,0.5717179487179487
pHFC_S.pB10-A,721,1.610000000000001e-18,0.5922307692307693
pHFC_S.pB10-A,722,2.581987177439639e-18,0.5922307692307693
pHFC_S.pB10-A,723,4.140781232585534e-18,0.5922307692307693
pHFC_S.pB10-A,724,6.640648476471201e-18,0.5922307692307693
pHFC_S.pB10-A,725,1.0649732432380563e-17,0.5922307692307693
pHFC_S.pB10-A,726,1.7079175517745127e-17,0.5922307692307693
pHFC_S.pB10-A,727,2.7390193905626648e-17,0.5922307692307693
pHFC_S.pB10-A,728,4.3926167361436834e-17,0.5922307692307693
pHFC_S.pB10-A,729,7.044521793869464e-17,0.5922307692307693
pHFC_S.pB10-A,730,1.1297431641593184e-16,0.5922307692307693
pHFC_S.pB10-A,731,1.811790287987232e-16,0.5922307692307693
pHFC_S.pB10-A,732,2.90560204459174e-16,0.5922307692307693
pHFC_S.pB10-A,733,4.659768460793973e-16,0.5922307692307693
pHFC_S.pB10-A,734,7.472958022116568e-16,0.5922307692307693
pHFC_S.pB10-A,735,1.198452285133524e-15,0.5922307692307693
pHFC_S.pB10-A,736,1.9219803931602427e-15,0.5922307692307693
pHFC_S.pB10-A,737,3.0823159816336275e-15,0.5922307692307693
pHFC_S.pB10-A,738,4.943167913910141e-15,0.5922307692307693
pHFC_S.pB10-A,739,7.927451037047843e-15,0.5922307692307693
pHFC_S.pB10-A,740,1.2713401818284578e-14,0.5922307692307693
pHFC_S.pB10-A,741,2.038872079282519e-14,0.5922307692307693
pHFC_S.pB10-A,742,3.2697773696566185e-14,0.5922307692307693
pHFC_S.pB10-A,743,5.2438032556122537e-14,0.5922307692307693
pHFC_S.pB10-A,744,8.40958556956964e-14,0.5922307692307693
pHFC_S.pB10-A,745,1.3486610005099515e-13,0.5922307692307693
pHFC_S.pB10-A,746,2.1628729254842283e-13,0.5922307692307693
pHFC_S.pB10-A,747,3.4686398509513254e-13,0.5922307692307693
pHFC_S.pB10-A,748,5.562722744293475e-13,0.5922307692307693
pHFC_S.pB10-A,749,8.921042731315306e-13,0.5922307692307693
pHFC_S.pB10-A,750,1.4306843442016895e-12,0.5922307692307693
pHFC_S.pB10-A,751,2.2944152991878257e-12,0.5922307692307693
pHFC_S.pB10-A,752,3.679596821257326e-12,0.5922307692307693
pHFC_S.pB10-A,753,5.901038391698202e-12,0.5922307692307693
pHFC_S.pB10-A,754,9.463605876362633e-12,0.5922307692307693
pHFC_S.pB10-A,755,1.5176962127397964e-11,0.5922307692307693
pHFC_S.pB10-A,756,2.4339578636912142e-11,0.5922307692307693
pHFC_S.pB10-A,757,3.903383847502539e-11,0.5922307692307693
pHFC_S.pB10-A,758,6.259929840296021e-11,0.5922307692307693
pHFC_S.pB10-A,759,1.0039166819451025e-10,0.5922307692307693
pHFC_S.pB10-A,760,1.610000000000001e-10,0.5922307692307693
pHFC_S.pB10-A,761,1.610000000000001e-18,0.6127435897435898
pHFC_S.pB10-A,762,2.581987177439639e-18,0.6127435897435898
pHFC_S.pB10-A,763,4.140781232585534e-18,0.6127435897435898
pHFC_S.pB10-A,764,6.640648476471201e-18,0.6127435897435898
pHFC_S.pB10-A,765,1.0649732432380563e-17,0.6127435897435898
pHFC_S.pB10-A,766,1.7079175517745127e-17,0.6127435897435898
pHFC_S.pB10-A,767,2.7390193905626648e-17,0.6127435897435898
pHFC_S.pB10-A,768,4.3926167361436834e-17,0.6127435897435898
pHFC_S.pB10-A,769,7.044521793869464e-17,0.6127435897435898
pHFC_S.pB10-A,770,1.1297431641593184e-16,0.6127435897435898
pHFC_S.pB10-A,771,1.811790287987232e-16,0.6127435897435898
pHFC_S.pB10-A,772,2.90560204459174e-16,0.6127435897435898
pHFC_S.pB10-A,773,4.659768460793973e-16,0.6127435897435898
pHFC_S.pB10-A,774,7.472958022116568e-16,0.6127435897435898
pHFC_S.pB10-A,775,1.198452285133524e-15,0.6127435897435898
pHFC_S.pB10-A,776,1.9219803931602427e-15,0.6127435897435898
pHFC_S.pB10-A,777,3.0823159816336275e-15,0.6127435897435898
pHFC_S.pB10-A,778,4.943167913910141e-15,0.6127435897435898
pHFC_S.pB10-A,779,7.927451037047843e-15,0.6127435897435898
pHFC_S.pB10-A,780,1.2713401818284578e-14,0.6127435897435898
pHFC_S.pB10-A,781,2.038872079282519e-14,0.6127435897435898
pHFC_S.pB10-A,782,3.2697773696566185e-14,0.6127435897435898
pHFC_S.pB10-A,783,5.2438032556122537e-14,0.6127435897435898
pHFC_S.pB10-A,784,8.40958556956964e-14,0.6127435897435898
pHFC_S.pB10-A,785,1.3486610005099515e-13,0.6127435897435898
pHFC_S.pB10-A,786,2.1628729254842283e-13,0.6127435897435898
pHFC_S.pB10-A,787,3.4686398509513254e-13,0.6127435897435898
pHFC_S.pB10-A,788,5.562722744293475e-13,0.6127435897435898
pHFC_S.pB10-A,789,8.921042731315306e-13,0.6127435897435898
pHFC_S.pB10-A,790,1.4306843442016895e-12,0.6127435897435898
pHFC_S.pB10-A,791,2.2944152991878257e-12,0.6127435897435898
pHFC_S.pB10-A,792,3.679596821257326e-12,0.6127435897435898
pHFC_S.pB10-A,793,5.901038391698202e-12,0.6127435897435898
pHFC_S.pB10-A,794,9.463605876362633e-12,0.6127435897435898
pHFC_S.pB10-A,795,1.5176962127397964e-11,0.6127435897435898
pHFC_S.pB10-A,796,2.4339578636912142e-11,0.6127435897435898
pHFC_S.pB10-A,797,3.903383847502539e-11,0.6127435897435898
pHFC_S.pB10-A,798,6.259929840296021e-11,0.6127435897435898
pHFC_S.pB10-A,799,1.0039166819451025e-10,0.6127435897435898
pHFC_S.pB10-A,800,1.610000000000001e-10,0.6127435897435898
pHFC_S.pB10-A,801,1.610000000000001e-18,0.6332564102564103
pHFC_S.pB10-A,802,2.581987177439639e-18,0.6332564102564103
pHFC_S.pB10-A,803,4.140781232585534e-18,0.6332564102564103
pHFC_S.pB10-A,804,6.640648476471201e-18,0.6332564102564103
pHFC_S.pB10-A,805,1.0649732432380563e-17,0.6332564102564103
pHFC_S.pB10-A,806,1.7079175517745127e-17,0.6332564102564103
pHFC_S.pB10-A,807,2.7390193905626648e-17,0.6332564102564103
pHFC_S.pB10-A,808,4.3926167361436834e-17,0.6332564102564103
pHFC_S.pB10-A,809,7.044521793869464e-17,0.6332564102564103
pHFC_S.pB10-A,810,1.1297431641593184e-16,0.6332564102564103
pHFC_S.pB10-A,811,1.811790287987232e-16,0.6332564102564103
pHFC_S.pB10-A,812,2.90560204459174e-16,0.6332564102564103
pHFC_S.pB10-A,813,4.659768460793973e-16,0.6332564102564103
pHFC_S.pB10-A,814,7.472958022116568e-16,0.6332564102564103
pHFC_S.pB10-A,815,1.198452285133524e-15,0.6332564102564103
pHFC_S.pB10-A,816,1.9219803931602427e-15,0.6332564102564103
pHFC_S.pB10-A,817,3.0823159816336275e-15,0.6332564102564103
pHFC_S.pB10-A,818,4.943167913910141e-15,0.6332564102564103
pHFC_S.pB10-A,819,7.927451037047843e-15,0.6332564102564103
pHFC_S.pB10-A,820,1.2713401818284578e-14,0.6332564102564103
pHFC_S.pB10-A,821,2.038872079282519e-14,0.6332564102564103
pHFC_S.pB10-A,822,3.2697773696566185e-14,0.6332564102564103
pHFC_S.pB10-A,823,5.2438032556122537e-14,0.6332564102564103
pHFC_S.pB10-A,824,8.40958556956964e-14,0.6332564102564103
pHFC_S.pB10-A,825,1.3486610005099515e-13,0.6332564102564103
pHFC_S.pB10-A,826,2.1628729254842283e-13,0.6332564102564103
pHFC_S.pB10-A,827,3.4686398509513254e-13,0.6332564102564103
pHFC_S.pB10-A,828,5.562722744293475e-13,0.6332564102564103
pHFC_S.pB10-A,829,8.921042731315306e-13,0.6332564102564103
pHFC_S.pB10-A,830,1.4306843442016895e-12,0.6332564102564103
pHFC_S.pB10-A,831,2.2944152991878257e-12,0.6332564102564103
pHFC_S.pB10-A,832,3.679596821257326e-12,0.6332564102564103
pHFC_S.pB10-A,833,5.901038391698202e-12,0.6332564102564103
pHFC_S.pB10-A,834,9.463605876362633e-12,0.6332564102564103
pHFC_S.pB10-A,835,1.5176962127397964e-11,0.6332564102564103
pHFC_S.pB10-A,836,2.4339578636912142e-11,0.6332564102564103
pHFC_S.pB10-A,837,3.903383847502539e-11,0.6332564102564103
pHFC_S.pB10-A,838,6.259929840296021e-11,0.6332564102564103
pHFC_S.pB10-A,839,1.0039166819451025e-10,0.6332564102564103
pHFC_S.pB10-A,840,1.610000000000001e-10,0.6332564102564103
pHFC_S.pB10-A,841,1.610000000000001e-18,0.6537692307692309
pHFC_S.pB10-A,842,2.581987177439639e-18,0.6537692307692309
pHFC_S.pB10-A,843,4.140781232585534e-18,0.6537692307692309
pHFC_S.pB10-A,844,6.640648476471201e-18,0.6537692307692309
pHFC_S.pB10-A,845,1.0649732432380563e-17,0.6537692307692309
pHFC_S.pB10-A,846,1.7079175517745127e-17,0.6537692307692309
pHFC_S.pB10-A,847,2.7390193905626648e-17,0.6537692307692309
pHFC_S.pB10-A,848,4.3926167361436834e-17,0.6537692307692309
pHFC_S.pB10-A,849,7.044521793869464e-17,0.6537692307692309
pHFC_S.pB10-A,850,1.1297431641593184e-16,0.6537692307692309
pHFC_S.pB10-A,851,1.811790287987232e-16,0.6537692307692309
pHFC_S.pB10-A,852,2.90560204459174e-16,0.6537692307692309
pHFC_S.pB10-A,853,4.659768460793973e-16,0.6537692307692309
pHFC_S.pB10-A,854,7.472958022116568e-16,0.6537692307692309
pHFC_S.pB10-A,855,1.198452285133524e-15,0.6537692307692309
pHFC_S.pB10-A,856,1.9219803931602427e-15,0.6537692307692309
pHFC_S.pB10-A,857,3.0823159816336275e-15,0.6537692307692309
pHFC_S.pB10-A,858,4.943167913910141e-15,0.6537692307692309
pHFC_S.pB10-A,859,7.927451037047843e-15,0.6537692307692309
pHFC_S.pB10-A,860,1.2713401818284578e-14,0.6537692307692309
pHFC_S.pB10-A,861,2.038872079282519e-14,0.6537692307692309
pHFC_S.pB10-A,862,3.2697773696566185e-14,0.6537692307692309
pHFC_S.pB10-A,863,5.2438032556122537e-14,0.6537692307692309
pHFC_S.pB10-A,864,8.40958556956964e-14,0.6537692307692309
pHFC_S.pB10-A,865,1.3486610005099515e-13,0.6537692307692309
pHFC_S.pB10-A,866,2.1628729254842283e-13,0.6537692307692309
pHFC_S.pB10-A,867,3.4686398509513254e-13,0.6537692307692309
pHFC_S.pB10-A,868,5.562722744293475e-13,0.6537692307692309
pHFC_S.pB10-A,869,8.921042731315306e-13,0.6537692307692309
pHFC_S.pB10-A,870,1.4306843442016895e-12,0.6537692307692309
pHFC_S.pB10-A,871,2.2944152991878257e-12,0.6537692307692309
pHFC_S.pB10-A,872,3.679596821257326e-12,0.6537692307692309
pHFC_S.pB10-A,873,5.901038391698202e-12,0.6537692307692309
pHFC_S.pB10-A,874,9.463605876362633e-12,0.6537692307692309
pHFC_S.pB10-A,875,1.5176962127397964e-11,0.6537692307692309
pHFC_S.pB10-A,876,2.4339578636912142e-11,0.6537692307692309
pHFC_S.pB10-A,877,3.903383847502539e-11,0.6537692307692309
pHFC_S.pB10-A,878,6.259929840296021e-11,0.6537692307692309
pHFC_S.pB10-A,879,1.0039166819451025e-10,0.6537692307692309
pHFC_S.pB10-A,880,1.610000000000001e-10,0.6537692307692309
pHFC_S.pB10-A,881,1.610000000000001e-18,0.6742820512820513
pHFC_S.pB10-A,882,2.581987177439639e-18,0.6742820512820513
pHFC_S.pB10-A,883,4.140781232585534e-18,0.6742820512820513
pHFC_S.pB10-A,884,6.640648476471201e-18,0.6742820512820513
pHFC_S.pB10-A,885,1.0649732432380563e-17,0.6742820512820513
pHFC_S.pB10-A,886,1.7079175517745127e-17,0.6742820512820513
pHFC_S.pB10-A,887,2.7390193905626648e-17,0.6742820512820513
pHFC_S.pB10-A,888,4.3926167361436834e-17,0.6742820512820513
pHFC_S.pB10-A,889,7.044521793869464e-17,0.6742820512820513
pHFC_S.pB10-A,890,1.1297431641593184e-16,0.6742820512820513
pHFC_S.pB10-A,891,1.811790287987232e-16,0.6742820512820513
pHFC_S.pB10-A,892,2.90560204459174e-16,0.6742820512820513
pHFC_S.pB10-A,893,4.659768460793973e-16,0.6742820512820513
pHFC_S.pB10-A,894,7.472958022116568e-16,0.6742820512820513
pHFC_S.pB10-A,895,1.198452285133524e-15,0.6742820512820513
pHFC_S.pB10-A,896,1.9219803931602427e-15,0.6742820512820513
pHFC_S.pB10-A,897,3.0823159816336275e-15,0.6742820512820513
pHFC_S.pB10-A,898,4.943167913910141e-15,0.6742820512820513
pHFC_S.pB10-A,899,7.927451037047843e-15,0.6742820512820513
pHFC_S.pB10-A,900,1.2713401818284578e-14,0.6742820512820513
pHFC_S.pB10-A,901,2.038872079282519e-14,0.6742820512820513
pHFC_S.pB10-A,902,3.2697773696566185e-14,0.6742820512820513
pHFC_S.pB10-A,903,5.2438032556122537e-14,0.6742820512820513
pHFC_S.pB10-A,904,8.40958556956964e-14,0.6742820512820513
pHFC_S.pB10-A,905,1.3486610005099515e-13,0.6742820512820513
pHFC_S.pB10-A,906,2.1628729254842283e-13,0.6742820512820513
pHFC_S.pB10-A,907,3.4686398509513254e-13,0.6742820512820513
pHFC_S.pB10-A,908,5.562722744293475e-13,0.6742820512820513
pHFC_S.pB10-A,909,8.921042731315306e-13,0.6742820512820513
pHFC_S.pB10-A,910,1.4306843442016895e-12,0.6742820512820513
pHFC_S.pB10-A,911,2.2944152991878257e-12,0.6742820512820513
pHFC_S.pB10-A,912,3.679596821257326e-12,0.6742820512820513
pHFC_S.pB10-A,913,5.901038391698202e-12,0.6742820512820513
pHFC_S.pB10-A,914,9.463605876362633e-12,0.6742820512820513
pHFC_S.pB10-A,915,1.5176962127397964e-11,0.6742820512820513
pHFC_S.pB10-A,916,2.4339578636912142e-11,0.6742820512820513
pHFC_S.pB10-A,917,3.903383847502539e-11,0.6742820512820513
pHFC_S.pB10-A,918,6.259929840296021e-11,0.6742820512820513
pHFC_S.pB10-A,919,1.0039166819451025e-10,0.6742820512820513
pHFC_S.pB10-A,920,1.610000000000001e-10,0.6742820512820513
pHFC_S.pB10-A,921,1.610000000000001e-18,0.6947948717948719
pHFC_S.pB10-A,922,2.581987177439639e-18,0.6947948717948719
pHFC_S.pB10-A,923,4.140781232585534e-18,0.6947948717948719
pHFC_S.pB10-A,924,6.640648476471201e-18,0.6947948717948719
pHFC_S.pB10-A,925,1.0649732432380563e-17,0.6947948717948719
pHFC_S.pB10-A,926,1.7079175517745127e-17,0.6947948717948719
pHFC_S.pB10-A,927,2.7390193905626648e-17,0.6947948717948719
pHFC_S.pB10-A,928,4.3926167361436834e-17,0.6947948717948719
pHFC_S.pB10-A,929,7.044521793869464e-17,0.6947948717948719
pHFC_S.pB10-A,930,1.1297431641593184e-16,0.6947948717948719
pHFC_S.pB10-A,931,1.811790287987232e-16,0.6947948717948719
pHFC_S.pB10-A,932,2.90560204459174e-16,0.6947948717948719
pHFC_S.pB10-A,933,4.659768460793973e-16,0.6947948717948719
pHFC_S.pB10-A,934,7.472958022116568e-16,0.6947948717948719
pHFC_S.pB10-A,935,1.198452285133524e-15,0.6947948717948719
pHFC_S.pB10-A,936,1.9219803931602427e-15,0.6947948717948719
pHFC_S.pB10-A,937,3.0823159816336275e-15,0.6947948717948719
pHFC_S.pB10-A,938,4.943167913910141e-15,0.6947948717948719
pHFC_S.pB10-A,939,7.927451037047843e-15,0.6947948717948719
pHFC_S.pB10-A,940,1.2713401818284578e-14,0.6947948717948719
pHFC_S.pB10-A,941,2.038872079282519e-14,0.6947948717948719
pHFC_S.pB10-A,942,3.2697773696566185e-14,0.6947948717948719
pHFC_S.pB10-A,943,5.2438032556122537e-14,0.6947948717948719
pHFC_S.pB10-A,944,8.40958556956964e-14,0.6947948717948719
pHFC_S.pB10-A,945,1.3486610005099515e-13,0.6947948717948719
pHFC_S.pB10-A,946,2.1628729254842283e-13,0.6947948717948719
pHFC_S.pB10-A,947,3.4686398509513254e-13,0.6947948717948719
pHFC_S.pB10-A,948,5.562722744293475e-13,0.6947948717948719
pHFC_S.pB10-A,949,8.921042731315306e-13,0.6947948717948719
pHFC_S.pB10-A,950,1.4306843442016895e-12,0.6947948717948719
pHFC_S.pB10-A,951,2.2944152991878257e-12,0.6947948717948719
pHFC_S.pB10-A,952,3.679596821257326e-12,0.6947948717948719
pHFC_S.pB10-A,953,5.901038391698202e-12,0.6947948717948719
pHFC_S.pB10-A,954,9.463605876362633e-12,0.6947948717948719
pHFC_S.pB10-A,955,1.5176962127397964e-11,0.6947948717948719
pHFC_S.pB10-A,956,2.4339578636912142e-11,0.6947948717948719
pHFC_S.pB10-A,957,3.903383847502539e-11,0.6947948717948719
pHFC_S.pB10-A,958,6.259929840296021e-11,0.6947948717948719
pHFC_S.pB10-A,959,1.0039166819451025e-10,0.6947948717948719
pHFC_S.pB10-A,960,1.610000000000001e-10,0.6947948717948719
pHFC_S.pB10-A,961,1.610000000000001e-18,0.7153076923076924
pHFC_S.pB10-A,962,2.581987177439639e-18,0.7153076923076924
pHFC_S.pB10-A,963,4.140781232585534e-18,0.7153076923076924
pHFC_S.pB10-A,964,6.640648476471201e-18,0.7153076923076924
pHFC_S.pB10-A,965,1.0649732432380563e-17,0.7153076923076924
pHFC_S.pB10-A,966,1.7079175517745127e-17,0.7153076923076924
pHFC_S.pB10-A,967,2.7390193905626648e-17,0.7153076923076924
pHFC_S.pB10-A,968,4.3926167361436834e-17,0.7153076923076924
pHFC_S.pB10-A,969,7.044521793869464e-17,0.7153076923076924
pHFC_S.pB10-A,970,1.1297431641593184e-16,0.7153076923076924
pHFC_S.pB10-A,971,1.811790287987232e-16,0.7153076923076924
pHFC_S.pB10-A,972,2.90560204459174e-16,0.7153076923076924
pHFC_S.pB10-A,973,4.659768460793973e-16,0.7153076923076924
pHFC_S.pB10-A,974,7.472958022116568e-16,0.7153076923076924
pHFC_S.pB10-A,975,1.198452285133524e-15,0.7153076923076924
pHFC_S.pB10-A,976,1.9219803931602427e-15,0.7153076923076924
pHFC_S.pB10-A,977,3.0823159816336275e-15,0.7153076923076924
pHFC_S.pB10-A,978,4.943167913910141e-15,0.7153076923076924
pHFC_S.pB10-A,979,7.927451037047843e-15,0.7153076923076924
pHFC_S.pB10-A,980,1.2713401818284578e-14,0.7153076923076924
pHFC_S.pB10-A,981,2.038872079282519e-14,0.7153076923076924
pHFC_S.pB10-A,982,3.2697773696566185e-14,0.7153076923076924
pHFC_S.pB10-A,983,5.2438032556122537e-14,0.7153076923076924
pHFC_S.pB10-A,984,8.40958556956964e-14,0.7153076923076924
pHFC_S.pB10-A,985,1.3486610005099515e-13,0.7153076923076924
pHFC_S.pB10-A,986,2.1628729254842283e-13,0.7153076923076924
pHFC_S.pB10-A,987,3.4686398509513254e-13,0.7153076923076924
pHFC_S.pB10-A,988,5.562722744293475e-13,0.7153076923076924
pHFC_S.pB10-A,989,8.921042731315306e-13,0.7153076923076924
pHFC_S.pB10-A,990,1.4306843442016895e-12,0.7153076923076924
pHFC_S.pB10-A,991,2.2944152991878257e-12,0.7153076923076924
pHFC_S.pB10-A,992,3.679596821257326e-12,0.7153076923076924
pHFC_S.pB10-A,993,5.901038391698202e-12,0.7153076923076924
pHFC_S.pB10-A,994,9.463605876362633e-12,0.7153076923076924
pHFC_S.pB10-A,995,1.5176962127397964e-11,0.7153076923076924
pHFC_S.pB10-A,996,2.4339578636912142e-11,0.7153076923076924
pHFC_S.pB10-A,997,3.903383847502539e-11,0.7153076923076924
pHFC_S.pB10-A,998,6.259929840296021e-11,0.7153076923076924
pHFC_S.pB10-A,999,1.0039166819451025e-10,0.7153076923076924
pHFC_S.pB10-A,1000,1.610000000000001e-10,0.7153076923076924
pHFC_S.pB10-A,1001,1.610000000000001e-18,0.7358205128205129
pHFC_S.pB10-A,1002,2.581987177439639e-18,0.7358205128205129
pHFC_S.pB10-A,1003,4.140781232585534e-18,0.7358205128205129
pHFC_S.pB10-A,1004,6.640648476471201e-18,0.7358205128205129
pHFC_S.pB10-A,1005,1.0649732432380563e-17,0.7358205128205129
pHFC_S.pB10-A,1006,1.7079175517745127e-17,0.7358205128205129
pHFC_S.pB10-A,1007,2.7390193905626648e-17,0.7358205128205129
pHFC_S.pB10-A,1008,4.3926167361436834e-17,0.7358205128205129
pHFC_S.pB10-A,1009,7.044521793869464e-17,0.7358205128205129
pHFC_S.pB10-A,1010,1.1297431641593184e-16,0.7358205128205129
pHFC_S.pB10-A,1011,1.811790287987232e-16,0.7358205128205129
pHFC_S.pB10-A,1012,2.90560204459174e-16,0.7358205128205129
pHFC_S.pB10-A,1013,4.659768460793973e-16,0.7358205128205129
pHFC_S.pB10-A,1014,7.472958022116568e-16,0.7358205128205129
pHFC_S.pB10-A,1015,1.198452285133524e-15,0.7358205128205129
pHFC_S.pB10-A,1016,1.9219803931602427e-15,0.7358205128205129
pHFC_S.pB10-A,1017,3.0823159816336275e-15,0.7358205128205129
pHFC_S.pB10-A,1018,4.943167913910141e-15,0.7358205128205129
pHFC_S.pB10-A,1019,7.927451037047843e-15,0.7358205128205129
pHFC_S.pB10-A,1020,1.2713401818284578e-14,0.7358205128205129
pHFC_S.pB10-A,1021,2.038872079282519e-14,0.7358205128205129
pHFC_S.pB10-A,1022,3.2697773696566185e-14,0.7358205128205129
pHFC_S.pB10-A,1023,5.2438032556122537e-14,0.7358205128205129
pHFC_S.pB10-A,1024,8.40958556956964e-14,0.7358205128205129
pHFC_S.pB10-A,1025,1.3486610005099515e-13,0.7358205128205129
pHFC_S.pB10-A,1026,2.1628729254842283e-13,0.7358205128205129
pHFC_S.pB10-A,1027,3.4686398509513254e-13,0.7358205128205129
pHFC_S.pB10-A,1028,5.562722744293475e-13,0.7358205128205129
pHFC_S.pB10-A,1029,8.921042731315306e-13,0.7358205128205129
pHFC_S.pB10-A,1030,1.4306843442016895e-12,0.7358205128205129
pHFC_S.pB10-A,1031,2.2944152991878257e-12,0.7358205128205129
pHFC_S.pB10-A,1032,3.679596821257326e-12,0.7358205128205129
pHFC_S.pB10-A,1033,5.901038391698202e-12,0.7358205128205129
pHFC_S.pB10-A,1034,9.463605876362633e-12,0.7358205128205129
pHFC_S.pB10-A,1035,1.5176962127397964e-11,0.7358205128205129
pHFC_S.pB10-A,1036,2.4339578636912142e-11,0.7358205128205129
pHFC_S.pB10-A,1037,3.903383847502539e-11,0.7358205128205129
pHFC_S.pB10-A,1038,6.259929840296021e-11,0.7358205128205129
pHFC_S.pB10-A,1039,1.0039166819451025e-10,0.7358205128205129
pHFC_S.pB10-A,1040,1.610000000000001e-10,0.7358205128205129
pHFC_S.pB10-A,1041,1.610000000000001e-18,0.7563333333333334
pHFC_S.pB10-A,1042,2.581987177439639e-18,0.7563333333333334
pHFC_S.pB10-A,1043,4.140781232585534e-18,0.7563333333333334
pHFC_S.pB10-A,1044,6.640648476471201e-18,0.7563333333333334
pHFC_S.pB10-A,1045,1.0649732432380563e-17,0.7563333333333334
pHFC_S.pB10-A,1046,1.7079175517745127e-17,0.7563333333333334
pHFC_S.pB10-A,1047,2.7390193905626648e-17,0.7563333333333334
pHFC_S.pB10-A,1048,4.3926167361436834e-17,0.7563333333333334
pHFC_S.pB10-A,1049,7.044521793869464e-17,0.7563333333333334
pHFC_S.pB10-A,1050,1.1297431641593184e-16,0.7563333333333334
pHFC_S.pB10-A,1051,1.811790287987232e-16,0.7563333333333334
pHFC_S.pB10-A,1052,2.90560204459174e-16,0.7563333333333334
pHFC_S.pB10-A,1053,4.659768460793973e-16,0.7563333333333334
pHFC_S.pB10-A,1054,7.472958022116568e-16,0.7563333333333334
pHFC_S.pB10-A,1055,1.198452285133524e-15,0.7563333333333334
pHFC_S.pB10-A,1056,1.9219803931602427e-15,0.7563333333333334
pHFC_S.pB10-A,1057,3.0823159816336275e-15,0.7563333333333334
pHFC_S.pB10-A,1058,4.943167913910141e-15,0.7563333333333334
pHFC_S.pB10-A,1059,7.927451037047843e-15,0.7563333333333334
pHFC_S.pB10-A,1060,1.2713401818284578e-14,0.7563333333333334
pHFC_S.pB10-A,1061,2.038872079282519e-14,0.7563333333333334
pHFC_S.pB10-A,1062,3.2697773696566185e-14,0.7563333333333334
pHFC_S.pB10-A,1063,5.2438032556122537e-14,0.7563333333333334
pHFC_S.pB10-A,1064,8.40958556956964e-14,0.7563333333333334
pHFC_S.pB10-A,1065,1.3486610005099515e-13,0.7563333333333334
pHFC_S.pB10-A,1066,2.1628729254842283e-13,0.7563333333333334
pHFC_S.pB10-A,1067,3.4686398509513254e-13,0.7563333333333334
pHFC_S.pB10-A,1068,5.562722744293475e-13,0.7563333333333334
pHFC_S.pB10-A,1069,8.921042731315306e-13,0.7563333333333334
pHFC_S.pB10-A,1070,1.4306843442016895e-12,0.7563333333333334
pHFC_S.pB10-A,1071,2.2944152991878257e-12,0.7563333333333334
pHFC_S.pB10-A,1072,3.679596821257326e-12,0.7563333333333334
pHFC_S.pB10-A,1073,5.901038391698202e-12,0.7563333333333334
pHFC_S.pB10-A,1074,9.463605876362633e-12,0.7563333333333334
pHFC_S.pB10-A,1075,1.5176962127397964e-11,0.7563333333333334
pHFC_S.pB10-A,1076,2.4339578636912142e-11,0.7563333333333334
pHFC_S.pB10-A,1077,3.903383847502539e-11,0.7563333333333334
pHFC_S.pB10-A,1078,6.259929840296021e-11,0.7563333333333334
pHFC_S.pB10-A,1079,1.0039166819451025e-10,0.7563333333333334
pHFC_S.pB10-A,1080,1.610000000000001e-10,0.7563333333333334
pHFC_S.pB10-A,1081,1.610000000000001e-18,0.776846153846154
pHFC_S.pB10-A,1082,2.581987177439639e-18,0.776846153846154
pHFC_S.pB10-A,1083,4.140781232585534e-18,0.776846153846154
pHFC_S.pB10-A,1084,6.640648476471201e-18,0.776846153846154
pHFC_S.pB10-A,1085,1.0649732432380563e-17,0.776846153846154
pHFC_S.pB10-A,1086,1.7079175517745127e-17,0.776846153846154
pHFC_S.pB10-A,1087,2.7390193905626648e-17,0.776846153846154
pHFC_S.pB10-A,1088,4.3926167361436834e-17,0.776846153846154
pHFC_S.pB10-A,1089,7.044521793869464e-17,0.776846153846154
pHFC_S.pB10-A,1090,1.1297431641593184e-16,0.776846153846154
pHFC_S.pB10-A,1091,1.811790287987232e-16,0.776846153846154
pHFC_S.pB10-A,1092,2.90560204459174e-16,0.776846153846154
pHFC_S.pB10-A,1093,4.659768460793973e-16,0.776846153846154
pHFC_S.pB10-A,1094,7.472958022116568e-16,0.776846153846154
pHFC_S.pB10-A,1095,1.198452285133524e-15,0.776846153846154
pHFC_S.pB10-A,1096,1.9219803931602427e-15,0.776846153846154
pHFC_S.pB10-A,1097,3.0823159816336275e-15,0.776846153846154
pHFC_S.pB10-A,1098,4.943167913910141e-15,0.776846153846154
pHFC_S.pB10-A,1099,7.927451037047843e-15,0.776846153846154
pHFC_S.pB10-A,1100,1.2713401818284578e-14,0.776846153846154
pHFC_S.pB10-A,1101,2.038872079282519e-14,0.776846153846154
pHFC_S.pB10-A,1102,3.2697773696566185e-14,0.776846153846154
pHFC_S.pB10-A,1103,5.2438032556122537e-14,0.776846153846154
pHFC_S.pB10-A,1104,8.40958556956964e-14,0.776846153846154
pHFC_S.pB10-A,1105,1.3486610005099515e-13,0.776846153846154
pHFC_S.pB10-A,1106,2.1628729254842283e-13,0.776846153846154
pHFC_S.pB10-A,1107,3.4686398509513254e-13,0.776846153846154
pHFC_S.pB10-A,1108,5.562722744293475e-13,0.776846153846154
pHFC_S.pB10-A,1109,8.921042731315306e-13,0.776846153846154
pHFC_S.pB10-A,1110,1.4306843442016895e-12,0.776846153846154
pHFC_S.pB10-A,1111,2.2944152991878257e-12,0.776846153846154
pHFC_S.pB10-A,1112,3.679596821257326e-12,0.776846153846154
pHFC_S.pB10-A,1113,5.901038391698202e-12,0.776846153846154
pHFC_S.pB10-A,1114,9.463605876362633e-12,0.776846153846154
pHFC_S.pB10-A,1115,1.5176962127397964e-11,0.776846153846154
pHFC_S.pB10-A,1116,2.4339578636912142e-11,0.776846153846154
pHFC_S.pB10-A,1117,3.903383847502539e-11,0.776846153846154
pHFC_S.pB10-A,1118,6.259929840296021e-11,0.776846153846154
pHFC_S.pB10-A,1119,1.0039166819451025e-10,0.776846153846154
pHFC_S.pB10-A,1120,1.610000000000001e-10,0.776846153846154
pHFC_S.pB10-A,1121,1.610000000000001e-18,0.7973589743589744
pHFC_S.pB10-A,1122,2.581987177439639e-18,0.7973589743589744
pHFC_S.pB10-A,1123,4.140781232585534e-18,0.7973589743589744
pHFC_S.pB10-A,1124,6.640648476471201e-18,0.7973589743589744
pHFC_S.pB10-A,1125,1.0649732432380563e-17,0.7973589743589744
pHFC_S.pB10-A,1126,1.7079175517745127e-17,0.7973589743589744
pHFC_S.pB10-A,1127,2.7390193905626648e-17,0.7973589743589744
pHFC_S.pB10-A,1128,4.3926167361436834e-17,0.7973589743589744
pHFC_S.pB10-A,1129,7.044521793869464e-17,0.7973589743589744
pHFC_S.pB10-A,1130,1.1297431641593184e-16,0.7973589743589744
pHFC_S.pB10-A,1131,1.811790287987232e-16,0.7973589743589744
pHFC_S.pB10-A,1132,2.90560204459174e-16,0.7973589743589744
pHFC_S.pB10-A,1133,4.659768460793973e-16,0.7973589743589744
pHFC_S.pB10-A,1134,7.472958022116568e-16,0.7973589743589744
pHFC_S.pB10-A,1135,1.198452285133524e-15,0.7973589743589744
pHFC_S.pB10-A,1136,1.9219803931602427e-15,0.7973589743589744
pHFC_S.pB10-A,1137,3.0823159816336275e-15,0.7973589743589744
pHFC_S.pB10-A,1138,4.943167913910141e-15,0.7973589743589744
pHFC_S.pB10-A,1139,7.927451037047843e-15,0.7973589743589744
pHFC_S.pB10-A,1140,1.2713401818284578e-14,0.7973589743589744
pHFC_S.pB10-A,1141,2.038872079282519e-14,0.7973589743589744
pHFC_S.pB10-A,1142,3.2697773696566185e-14,0.7973589743589744
pHFC_S.pB10-A,1143,5.2438032556122537e-14,0.7973589743589744
pHFC_S.pB10-A,1144,8.40958556956964e-14,0.7973589743589744
pHFC_S.pB10-A,1145,1.3486610005099515e-13,0.7973589743589744
pHFC_S.pB10-A,1146,2.1628729254842283e-13,0.7973589743589744
pHFC_S.pB10-A,1147,3.4686398509513254e-13,0.7973589743589744
pHFC_S.pB10-A,1148,5.562722744293475e-13,0.7973589743589744
pHFC_S.pB10-A,1149,8.921042731315306e-13,0.7973589743589744
pHFC_S.pB10-A,1150,1.4306843442016895e-12,0.7973589743589744
pHFC_S.pB10-A,1151,2.2944152991878257e-12,0.7973589743589744
pHFC_S.pB10-A,1152,3.679596821257326e-12,0.7973589743589744
pHFC_S.pB10-A,1153,5.901038391698202e-12,0.7973589743589744
pHFC_S.pB10-A,1154,9.463605876362633e-12,0.7973589743589744
pHFC_S.pB10-A,1155,1.5176962127397964e-11,0.7973589743589744
pHFC_S.pB10-A,1156,2.4339578636912142e-11,0.7973589743589744
pHFC_S.pB10-A,1157,3.903383847502539e-11,0.7973589743589744
pHFC_S.pB10-A,1158,6.259929840296021e-11,0.7973589743589744
pHFC_S.pB10-A,1159,1.0039166819451025e-10,0.7973589743589744
pHFC_S.pB10-A,1160,1.610000000000001e-10,0.7973589743589744
pHFC_S.pB10-A,1161,1.610000000000001e-18,0.817871794871795
pHFC_S.pB10-A,1162,2.581987177439639e-18,0.817871794871795
pHFC_S.pB10-A,1163,4.140781232585534e-18,0.817871794871795
pHFC_S.pB10-A,1164,6.640648476471201e-18,0.817871794871795
pHFC_S.pB10-A,1165,1.0649732432380563e-17,0.817871794871795
pHFC_S.pB10-A,1166,1.7079175517745127e-17,0.817871794871795
pHFC_S.pB10-A,1167,2.7390193905626648e-17,0.817871794871795
pHFC_S.pB10-A,1168,4.3926167361436834e-17,0.817871794871795
pHFC_S.pB10-A,1169,7.044521793869464e-17,0.817871794871795
pHFC_S.pB10-A,1170,1.1297431641593184e-16,0.817871794871795
pHFC_S.pB10-A,1171,1.811790287987232e-16,0.817871794871795
pHFC_S.pB10-A,1172,2.90560204459174e-16,0.817871794871795
pHFC_S.pB10-A,1173,4.659768460793973e-16,0.817871794871795
pHFC_S.pB10-A,1174,7.472958022116568e-16,0.817871794871795
pHFC_S.pB10-A,1175,1.198452285133524e-15,0.817871794871795
pHFC_S.pB10-A,1176,1.9219803931602427e-15,0.817871794871795
pHFC_S.pB10-A,1177,3.0823159816336275e-15,0.817871794871795
pHFC_S.pB10-A,1178,4.943167913910141e-15,0.817871794871795
pHFC_S.pB10-A,1179,7.927451037047843e-15,0.817871794871795
pHFC_S.pB10-A,1180,1.2713401818284578e-14,0.817871794871795
pHFC_S.pB10-A,1181,2.038872079282519e-14,0.817871794871795
pHFC_S.pB10-A,1182,3.2697773696566185e-14,0.817871794871795
pHFC_S.pB10-A,1183,5.2438032556122537e-14,0.817871794871795
pHFC_S.pB10-A,1184,8.40958556956964e-14,0.817871794871795
pHFC_S.pB10-A,1185,1.3486610005099515e-13,0.817871794871795
pHFC_S.pB10-A,1186,2.1628729254842283e-13,0.817871794871795
pHFC_S.pB10-A,1187,3.4686398509513254e-13,0.817871794871795
pHFC_S.pB10-A,1188,5.562722744293475e-13,0.817871794871795
pHFC_S.pB10-A,1189,8.921042731315306e-13,0.817871794871795
pHFC_S.pB10-A,1190,1.4306843442016895e-12,0.817871794871795
pHFC_S.pB10-A,1191,2.2944152991878257e-12,0.817871794871795
pHFC_S.pB10-A,1192,3.679596821257326e-12,0.817871794871795
pHFC_S.pB10-A,1193,5.901038391698202e-12,0.817871794871795
pHFC_S.pB10-A,1194,9.463605876362633e-12,0.817871794871795
pHFC_S.pB10-A,1195,1.5176962127397964e-11,0.817871794871795
pHFC_S.pB10-A,1196,2.4339578636912142e-11,0.817871794871795
pHFC_S.pB10-A,1197,3.903383847502539e-11,0.817871794871795
pHFC_S.pB10-A,1198,6.259929840296021e-11,0.817871794871795
pHFC_S.pB10-A,1199,1.0039166819451025e-10,0.817871794871795
pHFC_S.pB10-A,1200,1.610000000000001e-10,0.817871794871795
pHFC_S.pB10-A,1201,1.610000000000001e-18,0.8383846153846155
pHFC_S.pB10-A,1202,2.581987177439639e-18,0.8383846153846155
pHFC_S.pB10-A,1203,4.140781232585534e-18,0.8383846153846155
pHFC_S.pB10-A,1204,6.640648476471201e-18,0.8383846153846155
pHFC_S.pB10-A,1205,1.0649732432380563e-17,0.8383846153846155
pHFC_S.pB10-A,1206,1.7079175517745127e-17,0.8383846153846155
pHFC_S.pB10-A,1207,2.7390193905626648e-17,0.8383846153846155
pHFC_S.pB10-A,1208,4.3926167361436834e-17,0.8383846153846155
pHFC_S.pB10-A,1209,7.044521793869464e-17,0.8383846153846155
pHFC_S.pB10-A,1210,1.1297431641593184e-16,0.8383846153846155
pHFC_S.pB10-A,1211,1.811790287987232e-16,0.8383846153846155
pHFC_S.pB10-A,1212,2.90560204459174e-16,0.8383846153846155
pHFC_S.pB10-A,1213,4.659768460793973e-16,0.8383846153846155
pHFC_S.pB10-A,1214,7.472958022116568e-16,0.8383846153846155
pHFC_S.pB10-A,1215,1.198452285133524e-15,0.8383846153846155
pHFC_S.pB10-A,1216,1.9219803931602427e-15,0.8383846153846155
pHFC_S.pB10-A,1217,3.0823159816336275e-15,0.8383846153846155
pHFC_S.pB10-A,1218,4.943167913910141e-15,0.8383846153846155
pHFC_S.pB10-A,1219,7.927451037047843e-15,0.8383846153846155
pHFC_S.pB10-A,1220,1.2713401818284578e-14,0.8383846153846155
pHFC_S.pB10-A,1221,2.038872079282519e-14,0.8383846153846155
pHFC_S.pB10-A,1222,3.2697773696566185e-14,0.8383846153846155
pHFC_S.pB10-A,1223,5.2438032556122537e-14,0.8383846153846155
pHFC_S.pB10-A,1224,8.40958556956964e-14,0.8383846153846155
pHFC_S.pB10-A,1225,1.3486610005099515e-13,0.8383846153846155
pHFC_S.pB10-A,1226,2.1628729254842283e-13,0.8383846153846155
pHFC_S.pB10-A,1227,3.4686398509513254e-13,0.8383846153846155
pHFC_S.pB10-A,1228,5.562722744293475e-13,0.8383846153846155
pHFC_S.pB10-A,1229,8.921042731315306e-13,0.8383846153846155
pHFC_S.pB10-A,1230,1.4306843442016895e-12,0.8383846153846155
pHFC_S.pB10-A,1231,2.2944152991878257e-12,0.8383846153846155
pHFC_S.pB10-A,1232,3.679596821257326e-12,0.8383846153846155
pHFC_S.pB10-A,1233,5.901038391698202e-12,0.8383846153846155
pHFC_S.pB10-A,1234,9.463605876362633e-12,0.8383846153846155
pHFC_S.pB10-A,1235,1.5176962127397964e-11,0.8383846153846155
pHFC_S.pB10-A,1236,2.4339578636912142e-11,0.8383846153846155
pHFC_S.pB10-A,1237,3.903383847502539e-11,0.8383846153846155
pHFC_S.pB10-A,1238,6.259929840296021e-11,0.8383846153846155
pHFC_S.pB10-A,1239,1.0039166819451025e-10,0.8383846153846155
pHFC_S.pB10-A,1240,1.610000000000001e-10,0.8383846153846155
pHFC_S.pB10-A,1241,1.610000000000001e-18,0.858897435897436
pHFC_S.pB10-A,1242,2.581987177439639e-18,0.858897435897436
pHFC_S.pB10-A,1243,4.140781232585534e-18,0.858897435897436
pHFC_S.pB10-A,1244,6.640648476471201e-18,0.858897435897436
pHFC_S.pB10-A,1245,1.0649732432380563e-17,0.858897435897436
pHFC_S.pB10-A,1246,1.7079175517745127e-17,0.858897435897436
pHFC_S.pB10-A,1247,2.7390193905626648e-17,0.858897435897436
pHFC_S.pB10-A,1248,4.3926167361436834e-17,0.858897435897436
pHFC_S.pB10-A,1249,7.044521793869464e-17,0.858897435897436
pHFC_S.pB10-A,1250,1.1297431641593184e-16,0.858897435897436
pHFC_S.pB10-A,1251,1.811790287987232e-16,0.858897435897436
pHFC_S.pB10-A,1252,2.90560204459174e-16,0.858897435897436
pHFC_S.pB10-A,1253,4.659768460793973e-16,0.858897435897436
pHFC_S.pB10-A,1254,7.472958022116568e-16,0.858897435897436
pHFC_S.pB10-A,1255,1.198452285133524e-15,0.858897435897436
pHFC_S.pB10-A,1256,1.9219803931602427e-15,0.858897435897436
pHFC_S.pB10-A,1257,3.0823159816336275e-15,0.858897435897436
pHFC_S.pB10-A,1258,4.943167913910141e-15,0.858897435897436
pHFC_S.pB10-A,1259,7.927451037047843e-15,0.858897435897436
pHFC_S.pB10-A,1260,1.2713401818284578e-14,0.858897435897436
pHFC_S.pB10-A,1261,2.038872079282519e-14,0.858897435897436
pHFC_S.pB10-A,1262,3.2697773696566185e-14,0.858897435897436
pHFC_S.pB10-A,1263,5.2438032556122537e-14,0.858897435897436
pHFC_S.pB10-A,1264,8.40958556956964e-14,0.858897435897436
pHFC_S.pB10-A,1265,1.3486610005099515e-13,0.858897435897436
pHFC_S.pB10-A,1266,2.1628729254842283e-13,0.858897435897436
pHFC_S.pB10-A,1267,3.4686398509513254e-13,0.858897435897436
pHFC_S.pB10-A,1268,5.562722744293475e-13,0.858897435897436
pHFC_S.pB10-A,1269,8.921042731315306e-13,0.858897435897436
pHFC_S.pB10-A,1270,1.4306843442016895e-12,0.858897435897436
pHFC_S.pB10-A,1271,2.2944152991878257e-12,0.858897435897436
pHFC_S.pB10-A,1272,3.679596821257326e-12,0.858897435897436
pHFC_S.pB10-A,1273,5.901038391698202e-12,0.858897435897436
pHFC_S.pB10-A,1274,9.463605876362633e-12,0.858897435897436
pHFC_S.pB10-A,1275,1.5176962127397964e-11,0.858897435897436
pHFC_S.pB10-A,1276,2.4339578636912142e-11,0.858897435897436
pHFC_S.pB10-A,1277,3.903383847502539e-11,0.858897435897436
pHFC_S.pB10-A,1278,6.259929840296021e-11,0.858897435897436
pHFC_S.pB10-A,1279,1.0039166819451025e-10,0.858897435897436
pHFC_S.pB10-A,1280,1.610000000000001e-10,0.858897435897436
pHFC_S.pB10-A,1281,1.610000000000001e-18,0.8794102564102565
pHFC_S.pB10-A,1282,2.581987177439639e-18,0.8794102564102565
pHFC_S.pB10-A,1283,4.140781232585534e-18,0.8794102564102565
pHFC_S.pB10-A,1284,6.640648476471201e-18,0.8794102564102565
pHFC_S.pB10-A,1285,1.0649732432380563e-17,0.8794102564102565
pHFC_S.pB10-A,1286,1.7079175517745127e-17,0.8794102564102565
pHFC_S.pB10-A,1287,2.7390193905626648e-17,0.8794102564102565
pHFC_S.pB10-A,1288,4.3926167361436834e-17,0.8794102564102565
pHFC_S.pB10-A,1289,7.044521793869464e-17,0.8794102564102565
pHFC_S.pB10-A,1290,1.1297431641593184e-16,0.8794102564102565
pHFC_S.pB10-A,1291,1.811790287987232e-16,0.8794102564102565
pHFC_S.pB10-A,1292,2.90560204459174e-16,0.8794102564102565
pHFC_S.pB10-A,1293,4.659768460793973e-16,0.8794102564102565
pHFC_S.pB10-A,1294,7.472958022116568e-16,0.8794102564102565
pHFC_S.pB10-A,1295,1.198452285133524e-15,0.8794102564102565
pHFC_S.pB10-A,1296,1.9219803931602427e-15,0.8794102564102565
pHFC_S.pB10-A,1297,3.0823159816336275e-15,0.8794102564102565
pHFC_S.pB10-A,1298,4.943167913910141e-15,0.8794102564102565
pHFC_S.pB10-A,1299,7.927451037047843e-15,0.8794102564102565
pHFC_S.pB10-A,1300,1.2713401818284578e-14,0.8794102564102565
pHFC_S.pB10-A,1301,2.038872079282519e-14,0.8794102564102565
pHFC_S.pB10-A,1302,3.2697773696566185e-14,0.8794102564102565
pHFC_S.pB10-A,1303,5.2438032556122537e-14,0.8794102564102565
pHFC_S.pB10-A,1304,8.40958556956964e-14,0.8794102564102565
pHFC_S.pB10-A,1305,1.3486610005099515e-13,0.8794102564102565
pHFC_S.pB10-A,1306,2.1628729254842283e-13,0.8794102564102565
pHFC_S.pB10-A,1307,3.4686398509513254e-13,0.8794102564102565
pHFC_S.pB10-A,1308,5.562722744293475e-13,0.8794102564102565
pHFC_S.pB10-A,1309,8.921042731315306e-13,0.8794102564102565
pHFC_S.pB10-A,1310,1.4306843442016895e-12,0.8794102564102565
pHFC_S.pB10-A,1311,2.2944152991878257e-12,0.8794102564102565
pHFC_S.pB10-A,1312,3.679596821257326e-12,0.8794102564102565
pHFC_S.pB10-A,1313,5.901038391698202e-12,0.8794102564102565
pHFC_S.pB10-A,1314,9.463605876362633e-12,0.8794102564102565
pHFC_S.pB10-A,1315,1.5176962127397964e-11,0.8794102564102565
pHFC_S.pB10-A,1316,2.4339578636912142e-11,0.8794102564102565
pHFC_S.pB10-A,1317,3.903383847502539e-11,0.8794102564102565
pHFC_S.pB10-A,1318,6.259929840296021e-11,0.8794102564102565
pHFC_S.pB10-A,1319,1.0039166819451025e-10,0.8794102564102565
pHFC_S.pB10-A,1320,1.610000000000001e-10,0.8794102564102565
pHFC_S.pB10-A,1321,1.610000000000001e-18,0.899923076923077
pHFC_S.pB10-A,1322,2.581987177439639e-18,0.899923076923077
pHFC_S.pB10-A,1323,4.140781232585534e-18,0.899923076923077
pHFC_S.pB10-A,1324,6.640648476471201e-18,0.899923076923077
pHFC_S.pB10-A,1325,1.0649732432380563e-17,0.899923076923077
pHFC_S.pB10-A,1326,1.7079175517745127e-17,0.899923076923077
pHFC_S.pB10-A,1327,2.7390193905626648e-17,0.899923076923077
pHFC_S.pB10-A,1328,4.3926167361436834e-17,0.899923076923077
pHFC_S.pB10-A,1329,7.044521793869464e-17,0.899923076923077
pHFC_S.pB10-A,1330,1.1297431641593184e-16,0.899923076923077
pHFC_S.pB10-A,1331,1.811790287987232e-16,0.899923076923077
pHFC_S.pB10-A,1332,2.90560204459174e-16,0.899923076923077
pHFC_S.pB10-A,1333,4.659768460793973e-16,0.899923076923077
pHFC_S.pB10-A,1334,7.472958022116568e-16,0.899923076923077
pHFC_S.pB10-A,1335,1.198452285133524e-15,0.899923076923077
pHFC_S.pB10-A,1336,1.9219803931602427e-15,0.899923076923077
pHFC_S.pB10-A,1337,3.0823159816336275e-15,0.899923076923077
pHFC_S.pB10-A,1338,4.943167913910141e-15,0.899923076923077
pHFC_S.pB10-A,1339,7.927451037047843e-15,0.899923076923077
pHFC_S.pB10-A,1340,1.2713401818284578e-14,0.899923076923077
pHFC_S.pB10-A,1341,2.038872079282519e-14,0.899923076923077
pHFC_S.pB10-A,1342,3.2697773696566185e-14,0.899923076923077
pHFC_S.pB10-A,1343,5.2438032556122537e-14,0.899923076923077
pHFC_S.pB10-A,1344,8.40958556956964e-14,0.899923076923077
pHFC_S.pB10-A,1345,1.3486610005099515e-13,0.899923076923077
pHFC_S.pB10-A,1346,2.1628729254842283e-13,0.899923076923077
pHFC_S.pB10-A,1347,3.4686398509513254e-13,0.899923076923077
pHFC_S.pB10-A,1348,5.562722744293475e-13,0.899923076923077
pHFC_S.pB10-A,1349,8.921042731315306e-13,0.899923076923077
pHFC_S.pB10-A,1350,1.4306843442016895e-12,0.899923076923077
pHFC_S.pB10-A,1351,2.2944152991878257e-12,0.899923076923077
pHFC_S.pB10-A,1352,3.679596821257326e-12,0.899923076923077
pHFC_S.pB10-A,1353,5.901038391698202e-12,0.899923076923077
pHFC_S.pB10-A,1354,9.463605876362633e-12,0.899923076923077
pHFC_S.pB10-A,1355,1.5176962127397964e-11,0.899923076923077
pHFC_S.pB10-A,1356,2.4339578636912142e-11,0.899923076923077
pHFC_S.pB10-A,1357,3.903383847502539e-11,0.899923076923077
pHFC_S.pB10-A,1358,6.259929840296021e-11,0.899923076923077
pHFC_S.pB10-A,1359,1.0039166819451025e-10,0.899923076923077
pHFC_S.pB10-A,1360,1.610000000000001e-10,0.899923076923077
pHFC_S.pB10-A,1361,1.610000000000001e-18,0.9204358974358975
pHFC_S.pB10-A,1362,2.581987177439639e-18,0.9204358974358975
pHFC_S.pB10-A,1363,4.140781232585534e-18,0.9204358974358975
pHFC_S.pB10-A,1364,6.640648476471201e-18,0.9204358974358975
pHFC_S.pB10-A,1365,1.0649732432380563e-17,0.9204358974358975
pHFC_S.pB10-A,1366,1.7079175517745127e-17,0.9204358974358975
pHFC_S.pB10-A,1367,2.7390193905626648e-17,0.9204358974358975
pHFC_S.pB10-A,1368,4.3926167361436834e-17,0.9204358974358975
pHFC_S.pB10-A,1369,7.044521793869464e-17,0.9204358974358975
pHFC_S.pB10-A,1370,1.1297431641593184e-16,0.9204358974358975
pHFC_S.pB10-A,1371,1.811790287987232e-16,0.9204358974358975
pHFC_S.pB10-A,1372,2.90560204459174e-16,0.9204358974358975
pHFC_S.pB10-A,1373,4.659768460793973e-16,0.9204358974358975
pHFC_S.pB10-A,1374,7.472958022116568e-16,0.9204358974358975
pHFC_S.pB10-A,1375,1.198452285133524e-15,0.9204358974358975
pHFC_S.pB10-A,1376,1.9219803931602427e-15,0.9204358974358975
pHFC_S.pB10-A,1377,3.0823159816336275e-15,0.9204358974358975
pHFC_S.pB10-A,1378,4.943167913910141e-15,0.9204358974358975
pHFC_S.pB10-A,1379,7.927451037047843e-15,0.9204358974358975
pHFC_S.pB10-A,1380,1.2713401818284578e-14,0.9204358974358975
pHFC_S.pB10-A,1381,2.038872079282519e-14,0.9204358974358975
pHFC_S.pB10-A,1382,3.2697773696566185e-14,0.9204358974358975
pHFC_S.pB10-A,1383,5.2438032556122537e-14,0.9204358974358975
pHFC_S.pB10-A,1384,8.40958556956964e-14,0.9204358974358975
pHFC_S.pB10-A,1385,1.3486610005099515e-13,0.9204358974358975
pHFC_S.pB10-A,1386,2.1628729254842283e-13,0.9204358974358975
pHFC_S.pB10-A,1387,3.4686398509513254e-13,0.9204358974358975
pHFC_S.pB10-A,1388,5.562722744293475e-13,0.9204358974358975
pHFC_S.pB10-A,1389,8.921042731315306e-13,0.9204358974358975
pHFC_S.pB10-A,1390,1.4306843442016895e-12,0.9204358974358975
pHFC_S.pB10-A,1391,2.2944152991878257e-12,0.9204358974358975
pHFC_S.pB10-A,1392,3.679596821257326e-12,0.9204358974358975
pHFC_S.pB10-A,1393,5.901038391698202e-12,0.9204358974358975
pHFC_S.pB10-A,1394,9.463605876362633e-12,0.9204358974358975
pHFC_S.pB10-A,1395,1.5176962127397964e-11,0.9204358974358975
pHFC_S.pB10-A,1396,2.4339578636912142e-11,0.9204358974358975
pHFC_S.pB10-A,1397,3.903383847502539e-11,0.9204358974358975
pHFC_S.pB10-A,1398,6.259929840296021e-11,0.9204358974358975
pHFC_S.pB10-A,1399,1.0039166819451025e-10,0.9204358974358975
pHFC_S.pB10-A,1400,1.610000000000001e-10,0.9204358974358975
pHFC_S.pB10-A,1401,1.610000000000001e-18,0.940948717948718
pHFC_S.pB10-A,1402,2.581987177439639e-18,0.940948717948718
pHFC_S.pB10-A,1403,4.140781232585534e-18,0.940948717948718
pHFC_S.pB10-A,1404,6.640648476471201e-18,0.940948717948718
pHFC_S.pB10-A,1405,1.0649732432380563e-17,0.940948717948718
pHFC_S.pB10-A,1406,1.7079175517745127e-17,0.940948717948718
pHFC_S.pB10-A,1407,2.7390193905626648e-17,0.940948717948718
pHFC_S.pB10-A,1408,4.3926167361436834e-17,0.940948717948718
pHFC_S.pB10-A,1409,7.044521793869464e-17,0.940948717948718
pHFC_S.pB10-A,1410,1.1297431641593184e-16,0.940948717948718
pHFC_S.pB10-A,1411,1.811790287987232e-16,0.940948717948718
pHFC_S.pB10-A,1412,2.90560204459174e-16,0.940948717948718
pHFC_S.pB10-A,1413,4.659768460793973e-16,0.940948717948718
pHFC_S.pB10-A,1414,7.472958022116568e-16,0.940948717948718
pHFC_S.pB10-A,1415,1.198452285133524e-15,0.940948717948718
pHFC_S.pB10-A,1416,1.9219803931602427e-15,0.940948717948718
pHFC_S.pB10-A,1417,3.0823159816336275e-15,0.940948717948718
pHFC_S.pB10-A,1418,4.943167913910141e-15,0.940948717948718
pHFC_S.pB10-A,1419,7.927451037047843e-15,0.940948717948718
pHFC_S.pB10-A,1420,1.2713401818284578e-14,0.940948717948718
pHFC_S.pB10-A,1421,2.038872079282519e-14,0.940948717948718
pHFC_S.pB10-A,1422,3.2697773696566185e-14,0.940948717948718
pHFC_S.pB10-A,1423,5.2438032556122537e-14,0.940948717948718
pHFC_S.pB10-A,1424,8.40958556956964e-14,0.940948717948718
pHFC_S.pB10-A,1425,1.3486610005099515e-13,0.940948717948718
pHFC_S.pB10-A,1426,2.1628729254842283e-13,0.940948717948718
pHFC_S.pB10-A,1427,3.4686398509513254e-13,0.940948717948718
pHFC_S.pB10-A,1428,5.562722744293475e-13,0.940948717948718
pHFC_S.pB10-A,1429,8.921042731315306e-13,0.940948717948718
pHFC_S.pB10-A,1430,1.4306843442016895e-12,0.940948717948718
pHFC_S.pB10-A,1431,2.2944152991878257e-12,0.940948717948718
pHFC_S.pB10-A,1432,3.679596821257326e-12,0.940948717948718
pHFC_S.pB10-A,1433,5.901038391698202e-12,0.940948717948718
pHFC_S.pB10-A,1434,9.463605876362633e-12,0.940948717948718
pHFC_S.pB10-A,1435,1.5176962127397964e-11,0.940948717948718
pHFC_S.pB10-A,1436,2.4339578636912142e-11,0.940948717948718
pHFC_S.pB10-A,1437,3.903383847502539e-11,0.940948717948718
pHFC_S.pB10-A,1438,6.259929840296021e-11,0.940948717948718
pHFC_S.pB10-A,1439,1.0039166819451025e-10,0.940948717948718
pHFC_S.pB10-A,1440,1.610000000000001e-10,0.940948717948718
pHFC_S.pB10-A,1441,1.610000000000001e-18,0.9614615384615386
pHFC_S.pB10-A,1442,2.581987177439639e-18,0.9614615384615386
pHFC_S.pB10-A,1443,4.140781232585534e-18,0.9614615384615386
pHFC_S.pB10-A,1444,6.640648476471201e-18,0.9614615384615386
pHFC_S.pB10-A,1445,1.0649732432380563e-17,0.9614615384615386
pHFC_S.pB10-A,1446,1.7079175517745127e-17,0.9614615384615386
pHFC_S.pB10-A,1447,2.7390193905626648e-17,0.9614615384615386
pHFC_S.pB10-A,1448,4.3926167361436834e-17,0.9614615384615386
pHFC_S.pB10-A,1449,7.044521793869464e-17,0.9614615384615386
pHFC_S.pB10-A,1450,1.1297431641593184e-16,0.9614615384615386
pHFC_S.pB10-A,1451,1.811790287987232e-16,0.9614615384615386
pHFC_S.pB10-A,1452,2.90560204459174e-16,0.9614615384615386
pHFC_S.pB10-A,1453,4.659768460793973e-16,0.9614615384615386
pHFC_S.pB10-A,1454,7.472958022116568e-16,0.9614615384615386
pHFC_S.pB10-A,1455,1.198452285133524e-15,0.9614615384615386
pHFC_S.pB10-A,1456,1.9219803931602427e-15,0.9614615384615386
pHFC_S.pB10-A,1457,3.0823159816336275e-15,0.9614615384615386
pHFC_S.pB10-A,1458,4.943167913910141e-15,0.9614615384615386
pHFC_S.pB10-A,1459,7.927451037047843e-15,0.9614615384615386
pHFC_S.pB10-A,1460,1.2713401818284578e-14,0.9614615384615386
pHFC_S.pB10-A,1461,2.038872079282519e-14,0.9614615384615386
pHFC_S.pB10-A,1462,3.2697773696566185e-14,0.9614615384615386
pHFC_S.pB10-A,1463,5.2438032556122537e-14,0.9614615384615386
pHFC_S.pB10-A,1464,8.40958556956964e-14,0.9614615384615386
pHFC_S.pB10-A,1465,1.3486610005099515e-13,0.9614615384615386
pHFC_S.pB10-A,1466,2.1628729254842283e-13,0.9614615384615386
pHFC_S.pB10-A,1467,3.4686398509513254e-13,0.9614615384615386
pHFC_S.pB10-A,1468,5.562722744293475e-13,0.9614615384615386
pHFC_S.pB10-A,1469,8.921042731315306e-13,0.9614615384615386
pHFC_S.pB10-A,1470,1.4306843442016895e-12,0.9614615384615386
pHFC_S.pB10-A,1471,2.2944152991878257e-12,0.9614615384615386
pHFC_S.pB10-A,1472,3.679596821257326e-12,0.9614615384615386
pHFC_S.pB10-A,1473,5.901038391698202e-12,0.9614615384615386
pHFC_S.pB10-A,1474,9.463605876362633e-12,0.9614615384615386
pHFC_S.pB10-A,1475,1.5176962127397964e-11,0.9614615384615386
pHFC_S.pB10-A,1476,2.4339578636912142e-11,0.9614615384615386
pHFC_S.pB10-A,1477,3.903383847502539e-11,0.9614615384615386
pHFC_S.pB10-A,1478,6.259929840296021e-11,0.9614615384615386
pHFC_S.pB10-A,1479,1.0039166819451025e-10,0.9614615384615386
pHFC_S.pB10-A,1480,1.610000000000001e-10,0.9614615384615386
pHFC_S.pB10-A,1481,1.610000000000001e-18,0.981974358974359
pHFC_S.pB10-A,1482,2.581987177439639e-18,0.981974358974359
pHFC_S.pB10-A,1483,4.140781232585534e-18,0.981974358974359
pHFC_S.pB10-A,1484,6.640648476471201e-18,0.981974358974359
pHFC_S.pB10-A,1485,1.0649732432380563e-17,0.981974358974359
pHFC_S.pB10-A,1486,1.7079175517745127e-17,0.981974358974359
pHFC_S.pB10-A,1487,2.7390193905626648e-17,0.981974358974359
pHFC_S.pB10-A,1488,4.3926167361436834e-17,0.981974358974359
pHFC_S.pB10-A,1489,7.044521793869464e-17,0.981974358974359
pHFC_S.pB10-A,1490,1.1297431641593184e-16,0.981974358974359
pHFC_S.pB10-A,1491,1.811790287987232e-16,0.981974358974359
pHFC_S.pB10-A,1492,2.90560204459174e-16,0.981974358974359
pHFC_S.pB10-A,1493,4.659768460793973e-16,0.981974358974359
pHFC_S.pB10-A,1494,7.472958022116568e-16,0.981974358974359
pHFC_S.pB10-A,1495,1.198452285133524e-15,0.981974358974359
pHFC_S.pB10-A,1496,1.9219803931602427e-15,0.981974358974359
pHFC_S.pB10-A,1497,3.0823159816336275e-15,0.981974358974359
pHFC_S.pB10-A,1498,4.943167913910141e-15,0.981974358974359
pHFC_S.pB10-A,1499,7.927451037047843e-15,0.981974358974359
pHFC_S.pB10-A,1500,1.2713401818284578e-14,0.981974358974359
pHFC_S.pB10-A,1501,2.038872079282519e-14,0.981974358974359
pHFC_S.pB10-A,1502,3.2697773696566185e-14,0.981974358974359
pHFC_S.pB10-A,1503,5.2438032556122537e-14,0.981974358974359
pHFC_S.pB10-A,1504,8.40958556956964e-14,0.981974358974359
pHFC_S.pB10-A,1505,1.3486610005099515e-13,0.981974358974359
pHFC_S.pB10-A,1506,2.1628729254842283e-13,0.981974358974359
pHFC_S.pB10-A,1507,3.4686398509513254e-13,0.981974358974359
pHFC_S.pB10-A,1508,5.562722744293475e-13,0.981974358974359
pHFC_S.pB10-A,1509,8.921042731315306e-13,0.981974358974359
pHFC_S.pB10-A,1510,1.4306843442016895e-12,0.981974358974359
pHFC_S.pB10-A,1511,2.2944152991878257e-12,0.981974358974359
pHFC_S.pB10-A,1512,3.679596821257326e-12,0.981974358974359
pHFC_S.pB10-A,1513,5.901038391698202e-12,0.981974358974359
pHFC_S.pB10-A,1514,9.463605876362633e-12,0.981974358974359
pHFC_S.pB10-A,1515,1.5176962127397964e-11,0.981974358974359
pHFC_S.pB10-A,1516,2.4339578636912142e-11,0.981974358974359
pHFC_S.pB10-A,1517,3.903383847502539e-11,0.981974358974359
pHFC_S.pB10-A,1518,6.259929840296021e-11,0.981974358974359
pHFC_S.pB10-A,1519,1.0039166819451025e-10,0.981974358974359
pHFC_S.pB10-A,1520,1.610000000000001e-10,0.981974358974359
pHFC_S.pB10-A,1521,1.610000000000001e-18,1.0024871794871797
pHFC_S.pB10-A,1522,2.581987177439639e-18,1.0024871794871797
pHFC_S.pB10-A,1523,4.140781232585534e-18,1.0024871794871797
pHFC_S.pB10-A,1524,6.640648476471201e-18,1.0024871794871797
pHFC_S.pB10-A,1525,1.0649732432380563e-17,1.0024871794871797
pHFC_S.pB10-A,1526,1.7079175517745127e-17,1.0024871794871797
pHFC_S.pB10-A,1527,2.7390193905626648e-17,1.0024871794871797
pHFC_S.pB10-A,1528,4.3926167361436834e-17,1.0024871794871797
pHFC_S.pB10-A,1529,7.044521793869464e-17,1.0024871794871797
pHFC_S.pB10-A,1530,1.1297431641593184e-16,1.0024871794871797
pHFC_S.pB10-A,1531,1.811790287987232e-16,1.0024871794871797
pHFC_S.pB10-A,1532,2.90560204459174e-16,1.0024871794871797
pHFC_S.pB10-A,1533,4.659768460793973e-16,1.0024871794871797
pHFC_S.pB10-A,1534,7.472958022116568e-16,1.0024871794871797
pHFC_S.pB10-A,1535,1.198452285133524e-15,1.0024871794871797
pHFC_S.pB10-A,1536,1.9219803931602427e-15,1.0024871794871797
pHFC_S.pB10-A,1537,3.0823159816336275e-15,1.0024871794871797
pHFC_S.pB10-A,1538,4.943167913910141e-15,1.0024871794871797
pHFC_S.pB10-A,1539,7.927451037047843e-15,1.0024871794871797
pHFC_S.pB10-A,1540,1.2713401818284578e-14,1.0024871794871797
pHFC_S.pB10-A,1541,2.038872079282519e-14,1.0024871794871797
pHFC_S.pB10-A,1542,3.2697773696566185e-14,1.0024871794871797
pHFC_S.pB10-A,1543,5.2438032556122537e-14,1.0024871794871797
pHFC_S.pB10-A,1544,8.40958556956964e-14,1.0024871794871797
pHFC_S.pB10-A,1545,1.3486610005099515e-13,1.0024871794871797
pHFC_S.pB10-A,1546,2.1628729254842283e-13,1.0024871794871797
pHFC_S.pB10-A,1547,3.4686398509513254e-13,1.0024871794871797
pHFC_S.pB10-A,1548,5.562722744293475e-13,1.0024871794871797
pHFC_S.pB10-A,1549,8.921042731315306e-13,1.0024871794871797
pHFC_S.pB10-A,1550,1.4306843442016895e-12,1.0024871794871797
pHFC_S.pB10-A,1551,2.2944152991878257e-12,1.0024871794871797
pHFC_S.pB10-A,1552,3.679596821257326e-12,1.0024871794871797
pHFC_S.pB10-A,1553,5.901038391698202e-12,1.0024871794871797
pHFC_S.pB10-A,1554,9.463605876362633e-12,1.0024871794871797
pHFC_S.pB10-A,1555,1.5176962127397964e-11,1.0024871794871797
pHFC_S.pB10-A,1556,2.4339578636912142e-11,1.0024871794871797
pHFC_S.pB10-A,1557,3.903383847502539e-11,1.0024871794871797
pHFC_S.pB10-A,1558,6.259929840296021e-11,1.0024871794871797
pHFC_S.pB10-A,1559,1.0039166819451025e-10,1.0024871794871797
pHFC_S.pB10-A,1560,1.610000000000001e-10,1.0024871794871797
pHFC_S.pB10-A,1561,1.610000000000001e-18,1.0230000000000001
pHFC_S.pB10-A,1562,2.581987177439639e-18,1.0230000000000001
pHFC_S.pB10-A,1563,4.140781232585534e-18,1.0230000000000001
pHFC_S.pB10-A,1564,6.640648476471201e-18,1.0230000000000001
pHFC_S.pB10-A,1565,1.0649732432380563e-17,1.0230000000000001
pHFC_S.pB10-A,1566,1.7079175517745127e-17,1.0230000000000001
pHFC_S.pB10-A,1567,2.7390193905626648e-17,1.0230000000000001
pHFC_S.pB10-A,1568,4.3926167361436834e-17,1.0230000000000001
pHFC_S.pB10-A,1569,7.044521793869464e-17,1.0230000000000001
pHFC_S.pB10-A,1570,1.1297431641593184e-16,1.0230000000000001
pHFC_S.pB10-A,1571,1.811790287987232e-16,1.0230000000000001
pHFC_S.pB10-A,1572,2.90560204459174e-16,1.0230000000000001
pHFC_S.pB10-A,1573,4.659768460793973e-16,1.0230000000000001
pHFC_S.pB10-A,1574,7.472958022116568e-16,1.0230000000000001
pHFC_S.pB10-A,1575,1.198452285133524e-15,1.0230000000000001
pHFC_S.pB10-A,1576,1.9219803931602427e-15,1.0230000000000001
pHFC_S.pB10-A,1577,3.0823159816336275e-15,1.0230000000000001
pHFC_S.pB10-A,1578,4.943167913910141e-15,1.0230000000000001
pHFC_S.pB10-A,1579,7.927451037047843e-15,1.0230000000000001
pHFC_S.pB10-A,1580,1.2713401818284578e-14,1.0230000000000001
pHFC_S.pB10-A,1581,2.038872079282519e-14,1.0230000000000001
pHFC_S.pB10-A,1582,3.2697773696566185e-14,1.0230000000000001
pHFC_S.pB10-A,1583,5.2438032556122537e-14,1.0230000000000001
pHFC_S.pB10-A,1584,8.40958556956964e-14,1.0230000000000001
pHFC_S.pB10-A,1585,1.3486610005099515e-13,1.0230000000000001
pHFC_S.pB10-A,1586,2.1628729254842283e-13,1.0230000000000001
pHFC_S.pB10-A,1587,3.4686398509513254e-13,1.0230000000000001
pHFC_S.pB10-A,1588,5.562722744293475e-13,1.0230000000000001
pHFC_S.pB10-A,1589,8.921042731315306e-13,1.0230000000000001
pHFC_S.pB10-A,1590,1.4306843442016895e-12,1.0230000000000001
pHFC_S.pB10-A,1591,2.2944152991878257e-12,1.0230000000000001
pHFC_S.pB10-A,1592,3.679596821257326e-12,1.0230000000000001
pHFC_S.pB10-A,1593,5.901038391698202e-12,1.0230000000000001
pHFC_S.pB10-A,1594,9.463605876362633e-12,1.0230000000000001
pHFC_S.pB10-A,1595,1.5176962127397964e-11,1.0230000000000001
pHFC_S.pB10-A,1596,2.4339578636912142e-11,1.0230000000000001
pHFC_S.pB10-A,1597,3.903383847502539e-11,1.0230000000000001
pHFC_S.pB10-A,1598,6.259929840296021e-11,1.0230000000000001
pHFC_S.pB10-A,1599,1.0039166819451025e-10,1.0230000000000001
pHFC_S.pB10-A,1600,1.610000000000001e-10,1.0230000000000001
