...1,Time,Cycle,Phase,Cell_types,Density,Host,Genotype,Genotype_plot
1,0,1,immigration,A1,500000,rifR,Ancestor,Ancestor
2,0,1,immigration,M1,500000,rifR,Mutant,Mutant
3,0,1,immigration,F1,0,rifR,Plasmid-free,Plasmid-free
4,0,1,immigration,A2,0,nalR,Ancestor,Ancestor
5,0,1,immigration,M2,0,nalR,Mutant,Mutant
6,0,1,immigration,F2,9000000,nalR,Plasmid-free,Plasmid-free
701,1,1,immigration,A1,1051879.62365226,rifR,Ancestor,Ancestor
702,1,1,immigration,M1,1035468.5258593,rifR,Mutant,Mutant
703,1,1,immigration,F1,0,rifR,Plasmid-free,Plasmid-free
704,1,1,immigration,A2,303.4234557458,nalR,Ancestor,Ancestor
705,1,1,immigration,M2,2184.51541249344,nalR,Mutant,Mutant
706,1,1,immigration,F2,19174737.7653069,nalR,Plasmid-free,Plasmid-free
1401,2,1,immigration,A1,2212621.55494442,rifR,Ancestor,Ancestor
1402,2,1,immigration,M1,2144124.58651541,rifR,Mutant,Mutant
1403,2,1,immigration,F1,0,rifR,Plasmid-free,Plasmid-free
1404,2,1,immigration,A2,1998.2436515246,nalR,Ancestor,Ancestor
1405,2,1,immigration,M2,14189.4386530694,nalR,Mutant,Mutant
1406,2,1,immigration,F2,40841236.9003979,nalR,Plasmid-free,Plasmid-free
2101,3,1,immigration,A1,4652910.14512489,rifR,Ancestor,Ancestor
2102,3,1,immigration,M1,4438560.71076276,rifR,Mutant,Mutant
2103,3,1,immigration,F1,0,rifR,Plasmid-free,Plasmid-free
2104,3,1,immigration,A2,10295.2255002914,nalR,Ancestor,Ancestor
2105,3,1,immigration,M2,72262.8264600763,nalR,Mutant,Mutant
2106,3,1,immigration,F2,86938831.844877,nalR,Plasmid-free,Plasmid-free
2801,4,1,immigration,A1,9777866.11431982,rifR,Ancestor,Ancestor
2802,4,1,immigration,M1,9182109.88947363,rifR,Mutant,Mutant
2803,4,1,immigration,F1,0,rifR,Plasmid-free,Plasmid-free
2804,4,1,immigration,A2,48903.0725262818,nalR,Ancestor,Ancestor
2805,4,1,immigration,M2,340883.49054322,nalR,Mutant,Mutant
2806,4,1,immigration,F2,184821943.20718,nalR,Plasmid-free,Plasmid-free
3501,5,1,immigration,A1,20506880.0249671,rifR,Ancestor,Ancestor
3502,5,1,immigration,M1,18958199.5856538,rifR,Mutant,Mutant
3503,5,1,immigration,F1,0,rifR,Plasmid-free,Plasmid-free
3504,5,1,immigration,A2,224122.450250204,nalR,Ancestor,Ancestor
3505,5,1,immigration,M2,1566984.96217214,nalR,Mutant,Mutant
3506,5,1,immigration,F2,391589241.449343,nalR,Plasmid-free,Plasmid-free
4201,6,1,immigration,A1,42453366.9093345,rifR,Ancestor,Ancestor
4202,6,1,immigration,M1,38648054.1884214,rifR,Mutant,Mutant
4203,6,1,immigration,F1,0,rifR,Plasmid-free,Plasmid-free
4204,6,1,immigration,A2,987964.602555734,nalR,Ancestor,Ancestor
4205,6,1,immigration,M2,7072609.76839133,nalR,Mutant,Mutant
4206,6,1,immigration,F2,816413287.708722,nalR,Plasmid-free,Plasmid-free
4901,7,1,immigration,A1,47275426.3542845,rifR,Ancestor,Ancestor
4902,7,1,immigration,M1,42940029.1013081,rifR,Mutant,Mutant
4903,7,1,immigration,F1,0,rifR,Plasmid-free,Plasmid-free
4904,7,1,immigration,A2,1229917.78205909,nalR,Ancestor,Ancestor
4905,7,1,immigration,M2,8861462.1495054,nalR,Mutant,Mutant
4906,7,1,immigration,F2,909693164.612842,nalR,Plasmid-free,Plasmid-free
5601,8,1,immigration,A1,47275426.3542845,rifR,Ancestor,Ancestor
5602,8,1,immigration,M1,42940029.1013081,rifR,Mutant,Mutant
5603,8,1,immigration,F1,0,rifR,Plasmid-free,Plasmid-free
5604,8,1,immigration,A2,1229917.78205909,nalR,Ancestor,Ancestor
5605,8,1,immigration,M2,8861462.1495054,nalR,Mutant,Mutant
5606,8,1,immigration,F2,909693164.612842,nalR,Plasmid-free,Plasmid-free
6301,9,1,immigration,A1,47275426.3542845,rifR,Ancestor,Ancestor
6302,9,1,immigration,M1,42940029.1013081,rifR,Mutant,Mutant
6303,9,1,immigration,F1,0,rifR,Plasmid-free,Plasmid-free
6304,9,1,immigration,A2,1229917.78205909,nalR,Ancestor,Ancestor
6305,9,1,immigration,M2,8861462.1495054,nalR,Mutant,Mutant
6306,9,1,immigration,F2,909693164.612842,nalR,Plasmid-free,Plasmid-free
7001,10,1,immigration,A1,47275426.3542845,rifR,Ancestor,Ancestor
7002,10,1,immigration,M1,42940029.1013081,rifR,Mutant,Mutant
7003,10,1,immigration,F1,0,rifR,Plasmid-free,Plasmid-free
7004,10,1,immigration,A2,1229917.78205909,nalR,Ancestor,Ancestor
7005,10,1,immigration,M2,8861462.1495054,nalR,Mutant,Mutant
7006,10,1,immigration,F2,909693164.612842,nalR,Plasmid-free,Plasmid-free
7701,11,1,immigration,A1,47275426.3542845,rifR,Ancestor,Ancestor
7702,11,1,immigration,M1,42940029.1013081,rifR,Mutant,Mutant
7703,11,1,immigration,F1,0,rifR,Plasmid-free,Plasmid-free
7704,11,1,immigration,A2,1229917.78205909,nalR,Ancestor,Ancestor
7705,11,1,immigration,M2,8861462.1495054,nalR,Mutant,Mutant
7706,11,1,immigration,F2,909693164.612842,nalR,Plasmid-free,Plasmid-free
8401,12,1,immigration,A1,47275426.3542845,rifR,Ancestor,Ancestor
8402,12,1,immigration,M1,42940029.1013081,rifR,Mutant,Mutant
8403,12,1,immigration,F1,0,rifR,Plasmid-free,Plasmid-free
8404,12,1,immigration,A2,1229917.78205909,nalR,Ancestor,Ancestor
8405,12,1,immigration,M2,8861462.1495054,nalR,Mutant,Mutant
8406,12,1,immigration,F2,909693164.612842,nalR,Plasmid-free,Plasmid-free
9101,13,1,immigration,A1,47275426.3542845,rifR,Ancestor,Ancestor
9102,13,1,immigration,M1,42940029.1013081,rifR,Mutant,Mutant
9103,13,1,immigration,F1,0,rifR,Plasmid-free,Plasmid-free
9104,13,1,immigration,A2,1229917.78205909,nalR,Ancestor,Ancestor
9105,13,1,immigration,M2,8861462.1495054,nalR,Mutant,Mutant
9106,13,1,immigration,F2,909693164.612842,nalR,Plasmid-free,Plasmid-free
9801,14,1,immigration,A1,47275426.3542845,rifR,Ancestor,Ancestor
9802,14,1,immigration,M1,42940029.1013081,rifR,Mutant,Mutant
9803,14,1,immigration,F1,0,rifR,Plasmid-free,Plasmid-free
9804,14,1,immigration,A2,1229917.78205909,nalR,Ancestor,Ancestor
9805,14,1,immigration,M2,8861462.1495054,nalR,Mutant,Mutant
9806,14,1,immigration,F2,909693164.612842,nalR,Plasmid-free,Plasmid-free
10501,15,1,immigration,A1,47275426.3542845,rifR,Ancestor,Ancestor
10502,15,1,immigration,M1,42940029.1013081,rifR,Mutant,Mutant
10503,15,1,immigration,F1,0,rifR,Plasmid-free,Plasmid-free
10504,15,1,immigration,A2,1229917.78205909,nalR,Ancestor,Ancestor
10505,15,1,immigration,M2,8861462.1495054,nalR,Mutant,Mutant
10506,15,1,immigration,F2,909693164.612842,nalR,Plasmid-free,Plasmid-free
11201,16,1,immigration,A1,47275426.3542845,rifR,Ancestor,Ancestor
11202,16,1,immigration,M1,42940029.1013081,rifR,Mutant,Mutant
11203,16,1,immigration,F1,0,rifR,Plasmid-free,Plasmid-free
11204,16,1,immigration,A2,1229917.78205909,nalR,Ancestor,Ancestor
11205,16,1,immigration,M2,8861462.1495054,nalR,Mutant,Mutant
11206,16,1,immigration,F2,909693164.612842,nalR,Plasmid-free,Plasmid-free
11901,17,1,immigration,A1,47275426.3542845,rifR,Ancestor,Ancestor
11902,17,1,immigration,M1,42940029.1013081,rifR,Mutant,Mutant
11903,17,1,immigration,F1,0,rifR,Plasmid-free,Plasmid-free
11904,17,1,immigration,A2,1229917.78205909,nalR,Ancestor,Ancestor
11905,17,1,immigration,M2,8861462.1495054,nalR,Mutant,Mutant
11906,17,1,immigration,F2,909693164.612842,nalR,Plasmid-free,Plasmid-free
12601,18,1,immigration,A1,47275426.3542845,rifR,Ancestor,Ancestor
12602,18,1,immigration,M1,42940029.1013081,rifR,Mutant,Mutant
12603,18,1,immigration,F1,0,rifR,Plasmid-free,Plasmid-free
12604,18,1,immigration,A2,1229917.78205909,nalR,Ancestor,Ancestor
12605,18,1,immigration,M2,8861462.1495054,nalR,Mutant,Mutant
12606,18,1,immigration,F2,909693164.612842,nalR,Plasmid-free,Plasmid-free
13301,19,1,immigration,A1,47275426.3542845,rifR,Ancestor,Ancestor
13302,19,1,immigration,M1,42940029.1013081,rifR,Mutant,Mutant
13303,19,1,immigration,F1,0,rifR,Plasmid-free,Plasmid-free
13304,19,1,immigration,A2,1229917.78205909,nalR,Ancestor,Ancestor
13305,19,1,immigration,M2,8861462.1495054,nalR,Mutant,Mutant
13306,19,1,immigration,F2,909693164.612842,nalR,Plasmid-free,Plasmid-free
14001,20,1,immigration,A1,47275426.3542845,rifR,Ancestor,Ancestor
14002,20,1,immigration,M1,42940029.1013081,rifR,Mutant,Mutant
14003,20,1,immigration,F1,0,rifR,Plasmid-free,Plasmid-free
14004,20,1,immigration,A2,1229917.78205909,nalR,Ancestor,Ancestor
14005,20,1,immigration,M2,8861462.1495054,nalR,Mutant,Mutant
14006,20,1,immigration,F2,909693164.612842,nalR,Plasmid-free,Plasmid-free
14701,21,1,immigration,A1,47275426.3542845,rifR,Ancestor,Ancestor
14702,21,1,immigration,M1,42940029.1013081,rifR,Mutant,Mutant
14703,21,1,immigration,F1,0,rifR,Plasmid-free,Plasmid-free
14704,21,1,immigration,A2,1229917.78205909,nalR,Ancestor,Ancestor
14705,21,1,immigration,M2,8861462.1495054,nalR,Mutant,Mutant
14706,21,1,immigration,F2,909693164.612842,nalR,Plasmid-free,Plasmid-free
15401,22,1,immigration,A1,47275426.3542845,rifR,Ancestor,Ancestor
15402,22,1,immigration,M1,42940029.1013081,rifR,Mutant,Mutant
15403,22,1,immigration,F1,0,rifR,Plasmid-free,Plasmid-free
15404,22,1,immigration,A2,1229917.78205909,nalR,Ancestor,Ancestor
15405,22,1,immigration,M2,8861462.1495054,nalR,Mutant,Mutant
15406,22,1,immigration,F2,909693164.612842,nalR,Plasmid-free,Plasmid-free
16101,23,1,immigration,A1,47275426.3542845,rifR,Ancestor,Ancestor
16102,23,1,immigration,M1,42940029.1013081,rifR,Mutant,Mutant
16103,23,1,immigration,F1,0,rifR,Plasmid-free,Plasmid-free
16104,23,1,immigration,A2,1229917.78205909,nalR,Ancestor,Ancestor
16105,23,1,immigration,M2,8861462.1495054,nalR,Mutant,Mutant
16106,23,1,immigration,F2,909693164.612842,nalR,Plasmid-free,Plasmid-free
16801,24,1,immigration,A1,47275426.3542845,rifR,Ancestor,Ancestor
16802,24,1,immigration,M1,42940029.1013081,rifR,Mutant,Mutant
16803,24,1,immigration,F1,0,rifR,Plasmid-free,Plasmid-free
16804,24,1,immigration,A2,1229917.78205909,nalR,Ancestor,Ancestor
16805,24,1,immigration,M2,8861462.1495054,nalR,Mutant,Mutant
16806,24,1,immigration,F2,909693164.612842,nalR,Plasmid-free,Plasmid-free
16808,24,2,immigration,A1,47275426.3542845,rifR,Ancestor,Ancestor
16809,24,2,immigration,M1,42940029.1013081,rifR,Mutant,Mutant
16810,24,2,immigration,F1,0,rifR,Plasmid-free,Plasmid-free
16811,24,2,immigration,A2,1229917.78205909,nalR,Ancestor,Ancestor
16812,24,2,immigration,M2,8861462.1495054,nalR,Mutant,Mutant
16813,24,2,immigration,F2,909693164.612842,nalR,Plasmid-free,Plasmid-free
16815,24,2,immigration,A1,47275.4263542845,rifR,Ancestor,Ancestor
16816,24,2,immigration,M1,42940.0291013081,rifR,Mutant,Mutant
16817,24,2,immigration,F1,0,rifR,Plasmid-free,Plasmid-free
16818,24,2,immigration,A2,1229.91778205909,nalR,Ancestor,Ancestor
16819,24,2,immigration,M2,8861.4621495054,nalR,Mutant,Mutant
16820,24,2,immigration,F2,9909693.16461284,nalR,Plasmid-free,Plasmid-free
17515,25,2,immigration,A1,99456.1004397871,rifR,Ancestor,Ancestor
17516,25,2,immigration,M1,88926.0842055841,rifR,Mutant,Mutant
17517,25,2,immigration,F1,0,rifR,Plasmid-free,Plasmid-free
17518,25,2,immigration,A2,2619.86342136552,nalR,Ancestor,Ancestor
17519,25,2,immigration,M2,18600.7666615521,nalR,Mutant,Mutant
17520,25,2,immigration,F2,21115346.1021187,nalR,Plasmid-free,Plasmid-free
18215,26,2,immigration,A1,209205.04327483,rifR,Ancestor,Ancestor
18216,26,2,immigration,M1,184137.36207676,rifR,Mutant,Mutant
18217,26,2,immigration,F1,0,rifR,Plasmid-free,Plasmid-free
18218,26,2,immigration,A2,5656.17253575985,nalR,Ancestor,Ancestor
18219,26,2,immigration,M2,39619.606913549,nalR,Mutant,Mutant
18220,26,2,immigration,F2,44985615.9155648,nalR,Plasmid-free,Plasmid-free
18915,27,2,immigration,A1,439934.823593207,rifR,Ancestor,Ancestor
18916,27,2,immigration,M1,381182.326941019,rifR,Mutant,Mutant
18917,27,2,immigration,F1,0,rifR,Plasmid-free,Plasmid-free
18918,27,2,immigration,A2,12545.6403955355,nalR,Ancestor,Ancestor
18919,27,2,immigration,M2,86917.632723908,nalR,Mutant,Mutant
18920,27,2,immigration,F2,95809640.2317825,nalR,Plasmid-free,Plasmid-free
19615,28,2,immigration,A1,924492.135100933,rifR,Ancestor,Ancestor
19616,28,2,immigration,M1,788548.906463972,rifR,Mutant,Mutant
19617,28,2,immigration,F1,0,rifR,Plasmid-free,Plasmid-free
19618,28,2,immigration,A2,29281.5136416118,nalR,Ancestor,Ancestor
19619,28,2,immigration,M2,201727.301975354,nalR,Mutant,Mutant
19620,28,2,immigration,F2,203896713.817286,nalR,Plasmid-free,Plasmid-free
20315,29,2,immigration,A1,1938830.22233156,rifR,Ancestor,Ancestor
20316,29,2,immigration,M1,1628038.58529367,rifR,Mutant,Mutant
20317,29,2,immigration,F1,0,rifR,Plasmid-free,Plasmid-free
20318,29,2,immigration,A2,74441.7253650812,nalR,Ancestor,Ancestor
20319,29,2,immigration,M2,515829.545057164,nalR,Mutant,Mutant
20320,29,2,immigration,F2,432969603.19531,nalR,Plasmid-free,Plasmid-free
21015,30,2,immigration,A1,4010543.03370016,rifR,Ancestor,Ancestor
21016,30,2,immigration,M1,3316297.20535696,rifR,Mutant,Mutant
21017,30,2,immigration,F1,0,rifR,Plasmid-free,Plasmid-free
21018,30,2,immigration,A2,210287.008343929,nalR,Ancestor,Ancestor
21019,30,2,immigration,M2,1500773.36952345,nalR,Mutant,Mutant
21020,30,2,immigration,F2,906354148.650075,nalR,Plasmid-free,Plasmid-free
21715,31,2,immigration,A1,4417854.84953217,rifR,Ancestor,Ancestor
21716,31,2,immigration,M1,3645631.88427247,rifR,Mutant,Mutant
21717,31,2,immigration,F1,0,rifR,Plasmid-free,Plasmid-free
21718,31,2,immigration,A2,244027.679022604,nalR,Ancestor,Ancestor
21719,31,2,immigration,M2,1753687.42413856,nalR,Mutant,Mutant
21720,31,2,immigration,F2,999948798.163034,nalR,Plasmid-free,Plasmid-free
22415,32,2,immigration,A1,4417854.84953217,rifR,Ancestor,Ancestor
22416,32,2,immigration,M1,3645631.88427247,rifR,Mutant,Mutant
22417,32,2,immigration,F1,0,rifR,Plasmid-free,Plasmid-free
22418,32,2,immigration,A2,244027.679022604,nalR,Ancestor,Ancestor
22419,32,2,immigration,M2,1753687.42413856,nalR,Mutant,Mutant
22420,32,2,immigration,F2,999948798.163034,nalR,Plasmid-free,Plasmid-free
23115,33,2,immigration,A1,4417854.84953217,rifR,Ancestor,Ancestor
23116,33,2,immigration,M1,3645631.88427247,rifR,Mutant,Mutant
23117,33,2,immigration,F1,0,rifR,Plasmid-free,Plasmid-free
23118,33,2,immigration,A2,244027.679022604,nalR,Ancestor,Ancestor
23119,33,2,immigration,M2,1753687.42413856,nalR,Mutant,Mutant
23120,33,2,immigration,F2,999948798.163034,nalR,Plasmid-free,Plasmid-free
23815,34,2,immigration,A1,4417854.84953217,rifR,Ancestor,Ancestor
23816,34,2,immigration,M1,3645631.88427247,rifR,Mutant,Mutant
23817,34,2,immigration,F1,0,rifR,Plasmid-free,Plasmid-free
23818,34,2,immigration,A2,244027.679022604,nalR,Ancestor,Ancestor
23819,34,2,immigration,M2,1753687.42413856,nalR,Mutant,Mutant
23820,34,2,immigration,F2,999948798.163034,nalR,Plasmid-free,Plasmid-free
24515,35,2,immigration,A1,4417854.84953217,rifR,Ancestor,Ancestor
24516,35,2,immigration,M1,3645631.88427247,rifR,Mutant,Mutant
24517,35,2,immigration,F1,0,rifR,Plasmid-free,Plasmid-free
24518,35,2,immigration,A2,244027.679022604,nalR,Ancestor,Ancestor
24519,35,2,immigration,M2,1753687.42413856,nalR,Mutant,Mutant
24520,35,2,immigration,F2,999948798.163034,nalR,Plasmid-free,Plasmid-free
25215,36,2,immigration,A1,4417854.84953217,rifR,Ancestor,Ancestor
25216,36,2,immigration,M1,3645631.88427247,rifR,Mutant,Mutant
25217,36,2,immigration,F1,0,rifR,Plasmid-free,Plasmid-free
25218,36,2,immigration,A2,244027.679022604,nalR,Ancestor,Ancestor
25219,36,2,immigration,M2,1753687.42413856,nalR,Mutant,Mutant
25220,36,2,immigration,F2,999948798.163034,nalR,Plasmid-free,Plasmid-free
25915,37,2,immigration,A1,4417854.84953217,rifR,Ancestor,Ancestor
25916,37,2,immigration,M1,3645631.88427247,rifR,Mutant,Mutant
25917,37,2,immigration,F1,0,rifR,Plasmid-free,Plasmid-free
25918,37,2,immigration,A2,244027.679022604,nalR,Ancestor,Ancestor
25919,37,2,immigration,M2,1753687.42413856,nalR,Mutant,Mutant
25920,37,2,immigration,F2,999948798.163034,nalR,Plasmid-free,Plasmid-free
26615,38,2,immigration,A1,4417854.84953217,rifR,Ancestor,Ancestor
26616,38,2,immigration,M1,3645631.88427247,rifR,Mutant,Mutant
26617,38,2,immigration,F1,0,rifR,Plasmid-free,Plasmid-free
26618,38,2,immigration,A2,244027.679022604,nalR,Ancestor,Ancestor
26619,38,2,immigration,M2,1753687.42413856,nalR,Mutant,Mutant
26620,38,2,immigration,F2,999948798.163034,nalR,Plasmid-free,Plasmid-free
27315,39,2,immigration,A1,4417854.84953217,rifR,Ancestor,Ancestor
27316,39,2,immigration,M1,3645631.88427247,rifR,Mutant,Mutant
27317,39,2,immigration,F1,0,rifR,Plasmid-free,Plasmid-free
27318,39,2,immigration,A2,244027.679022604,nalR,Ancestor,Ancestor
27319,39,2,immigration,M2,1753687.42413856,nalR,Mutant,Mutant
27320,39,2,immigration,F2,999948798.163034,nalR,Plasmid-free,Plasmid-free
28015,40,2,immigration,A1,4417854.84953217,rifR,Ancestor,Ancestor
28016,40,2,immigration,M1,3645631.88427247,rifR,Mutant,Mutant
28017,40,2,immigration,F1,0,rifR,Plasmid-free,Plasmid-free
28018,40,2,immigration,A2,244027.679022604,nalR,Ancestor,Ancestor
28019,40,2,immigration,M2,1753687.42413856,nalR,Mutant,Mutant
28020,40,2,immigration,F2,999948798.163034,nalR,Plasmid-free,Plasmid-free
28715,41,2,immigration,A1,4417854.84953217,rifR,Ancestor,Ancestor
28716,41,2,immigration,M1,3645631.88427247,rifR,Mutant,Mutant
28717,41,2,immigration,F1,0,rifR,Plasmid-free,Plasmid-free
28718,41,2,immigration,A2,244027.679022604,nalR,Ancestor,Ancestor
28719,41,2,immigration,M2,1753687.42413856,nalR,Mutant,Mutant
28720,41,2,immigration,F2,999948798.163034,nalR,Plasmid-free,Plasmid-free
29415,42,2,immigration,A1,4417854.84953217,rifR,Ancestor,Ancestor
29416,42,2,immigration,M1,3645631.88427247,rifR,Mutant,Mutant
29417,42,2,immigration,F1,0,rifR,Plasmid-free,Plasmid-free
29418,42,2,immigration,A2,244027.679022604,nalR,Ancestor,Ancestor
29419,42,2,immigration,M2,1753687.42413856,nalR,Mutant,Mutant
29420,42,2,immigration,F2,999948798.163034,nalR,Plasmid-free,Plasmid-free
30115,43,2,immigration,A1,4417854.84953217,rifR,Ancestor,Ancestor
30116,43,2,immigration,M1,3645631.88427247,rifR,Mutant,Mutant
30117,43,2,immigration,F1,0,rifR,Plasmid-free,Plasmid-free
30118,43,2,immigration,A2,244027.679022604,nalR,Ancestor,Ancestor
30119,43,2,immigration,M2,1753687.42413856,nalR,Mutant,Mutant
30120,43,2,immigration,F2,999948798.163034,nalR,Plasmid-free,Plasmid-free
30815,44,2,immigration,A1,4417854.84953217,rifR,Ancestor,Ancestor
30816,44,2,immigration,M1,3645631.88427247,rifR,Mutant,Mutant
30817,44,2,immigration,F1,0,rifR,Plasmid-free,Plasmid-free
30818,44,2,immigration,A2,244027.679022604,nalR,Ancestor,Ancestor
30819,44,2,immigration,M2,1753687.42413856,nalR,Mutant,Mutant
30820,44,2,immigration,F2,999948798.163034,nalR,Plasmid-free,Plasmid-free
31515,45,2,immigration,A1,4417854.84953217,rifR,Ancestor,Ancestor
31516,45,2,immigration,M1,3645631.88427247,rifR,Mutant,Mutant
31517,45,2,immigration,F1,0,rifR,Plasmid-free,Plasmid-free
31518,45,2,immigration,A2,244027.679022604,nalR,Ancestor,Ancestor
31519,45,2,immigration,M2,1753687.42413856,nalR,Mutant,Mutant
31520,45,2,immigration,F2,999948798.163034,nalR,Plasmid-free,Plasmid-free
32215,46,2,immigration,A1,4417854.84953217,rifR,Ancestor,Ancestor
32216,46,2,immigration,M1,3645631.88427247,rifR,Mutant,Mutant
32217,46,2,immigration,F1,0,rifR,Plasmid-free,Plasmid-free
32218,46,2,immigration,A2,244027.679022604,nalR,Ancestor,Ancestor
32219,46,2,immigration,M2,1753687.42413856,nalR,Mutant,Mutant
32220,46,2,immigration,F2,999948798.163034,nalR,Plasmid-free,Plasmid-free
32915,47,2,immigration,A1,4417854.84953217,rifR,Ancestor,Ancestor
32916,47,2,immigration,M1,3645631.88427247,rifR,Mutant,Mutant
32917,47,2,immigration,F1,0,rifR,Plasmid-free,Plasmid-free
32918,47,2,immigration,A2,244027.679022604,nalR,Ancestor,Ancestor
32919,47,2,immigration,M2,1753687.42413856,nalR,Mutant,Mutant
32920,47,2,immigration,F2,999948798.163034,nalR,Plasmid-free,Plasmid-free
33615,48,2,immigration,A1,4417854.84953217,rifR,Ancestor,Ancestor
33616,48,2,immigration,M1,3645631.88427247,rifR,Mutant,Mutant
33617,48,2,immigration,F1,0,rifR,Plasmid-free,Plasmid-free
33618,48,2,immigration,A2,244027.679022604,nalR,Ancestor,Ancestor
33619,48,2,immigration,M2,1753687.42413856,nalR,Mutant,Mutant
33620,48,2,immigration,F2,999948798.163034,nalR,Plasmid-free,Plasmid-free
33622,48,3,immigration,A1,4417854.84953217,rifR,Ancestor,Ancestor
33623,48,3,immigration,M1,3645631.88427247,rifR,Mutant,Mutant
33624,48,3,immigration,F1,0,rifR,Plasmid-free,Plasmid-free
33625,48,3,immigration,A2,244027.679022604,nalR,Ancestor,Ancestor
33626,48,3,immigration,M2,1753687.42413856,nalR,Mutant,Mutant
33627,48,3,immigration,F2,999948798.163034,nalR,Plasmid-free,Plasmid-free
33629,48,3,immigration,A1,4417.85484953217,rifR,Ancestor,Ancestor
33630,48,3,immigration,M1,3645.63188427247,rifR,Mutant,Mutant
33631,48,3,immigration,F1,0,rifR,Plasmid-free,Plasmid-free
33632,48,3,immigration,A2,244.027679022604,nalR,Ancestor,Ancestor
33633,48,3,immigration,M2,1753.68742413856,nalR,Mutant,Mutant
33634,48,3,immigration,F2,9999948.79816303,nalR,Plasmid-free,Plasmid-free
34329,49,3,immigration,A1,9294.10149078652,rifR,Ancestor,Ancestor
34330,49,3,immigration,M1,7549.87295151902,rifR,Mutant,Mutant
34331,49,3,immigration,F1,0,rifR,Plasmid-free,Plasmid-free
34332,49,3,immigration,A2,516.519026246544,nalR,Ancestor,Ancestor
34333,49,3,immigration,M2,3657.99115407606,nalR,Mutant,Mutant
34334,49,3,immigration,F2,21307918.3006658,nalR,Plasmid-free,Plasmid-free
35029,50,3,immigration,A1,19550.0603655557,rifR,Ancestor,Ancestor
35030,50,3,immigration,M1,15633.361185913,rifR,Mutant,Mutant
35031,50,3,immigration,F1,0,rifR,Plasmid-free,Plasmid-free
35032,50,3,immigration,A2,1100.5869303021,nalR,Ancestor,Ancestor
35033,50,3,immigration,M2,7690.58743852383,nalR,Mutant,Mutant
35034,50,3,immigration,F2,45397025.0521747,nalR,Plasmid-free,Plasmid-free
35729,51,3,immigration,A1,41111.581009692,rifR,Ancestor,Ancestor
35730,51,3,immigration,M1,32362.5764223603,rifR,Mutant,Mutant
35731,51,3,immigration,F1,0,rifR,Plasmid-free,Plasmid-free
35732,51,3,immigration,A2,2377.58668865441,nalR,Ancestor,Ancestor
35733,51,3,immigration,M2,16435.8612408533,nalR,Mutant,Mutant
35734,51,3,immigration,F2,96690909.5666365,nalR,Plasmid-free,Plasmid-free
36429,52,3,immigration,A1,86393.0199198881,rifR,Ancestor,Ancestor
36430,52,3,immigration,M1,66948.1484961995,rifR,Mutant,Mutant
36431,52,3,immigration,F1,0,rifR,Plasmid-free,Plasmid-free
36432,52,3,immigration,A2,5279.35630111546,nalR,Ancestor,Ancestor
36433,52,3,immigration,M2,36307.3519550902,nalR,Mutant,Mutant
36434,52,3,immigration,F2,205794725.185636,nalR,Plasmid-free,Plasmid-free
37129,53,3,immigration,A1,181181.346555896,rifR,Ancestor,Ancestor
37130,53,3,immigration,M1,138220.651241045,rifR,Mutant,Mutant
37131,53,3,immigration,F1,0,rifR,Plasmid-free,Plasmid-free
37132,53,3,immigration,A2,12336.2417850222,nalR,Ancestor,Ancestor
37133,53,3,immigration,M2,85418.1949993903,nalR,Mutant,Mutant
37134,53,3,immigration,F2,437101077.982934,nalR,Plasmid-free,Plasmid-free
37829,54,3,immigration,A1,374750.931231158,rifR,Ancestor,Ancestor
37830,54,3,immigration,M1,281532.310034825,rifR,Mutant,Mutant
37831,54,3,immigration,F1,0,rifR,Plasmid-free,Plasmid-free
37832,54,3,immigration,A2,30979.8090413981,nalR,Ancestor,Ancestor
37833,54,3,immigration,M2,221399.500660133,nalR,Mutant,Mutant
37834,54,3,immigration,F2,915392934.561973,nalR,Plasmid-free,Plasmid-free
38529,55,3,immigration,A1,412397.927045352,rifR,Ancestor,Ancestor
38530,55,3,immigration,M1,309187.760307085,rifR,Mutant,Mutant
38531,55,3,immigration,F1,0,rifR,Plasmid-free,Plasmid-free
38532,55,3,immigration,A2,35280.1095740539,nalR,Ancestor,Ancestor
38533,55,3,immigration,M2,253972.356227722,nalR,Mutant,Mutant
38534,55,3,immigration,F2,1008999171.84685,nalR,Plasmid-free,Plasmid-free
39229,56,3,immigration,A1,412397.927045352,rifR,Ancestor,Ancestor
39230,56,3,immigration,M1,309187.760307085,rifR,Mutant,Mutant
39231,56,3,immigration,F1,0,rifR,Plasmid-free,Plasmid-free
39232,56,3,immigration,A2,35280.1095740539,nalR,Ancestor,Ancestor
39233,56,3,immigration,M2,253972.356227722,nalR,Mutant,Mutant
39234,56,3,immigration,F2,1008999171.84685,nalR,Plasmid-free,Plasmid-free
39929,57,3,immigration,A1,412397.927045352,rifR,Ancestor,Ancestor
39930,57,3,immigration,M1,309187.760307085,rifR,Mutant,Mutant
39931,57,3,immigration,F1,0,rifR,Plasmid-free,Plasmid-free
39932,57,3,immigration,A2,35280.1095740539,nalR,Ancestor,Ancestor
39933,57,3,immigration,M2,253972.356227722,nalR,Mutant,Mutant
39934,57,3,immigration,F2,1008999171.84685,nalR,Plasmid-free,Plasmid-free
40629,58,3,immigration,A1,412397.927045352,rifR,Ancestor,Ancestor
40630,58,3,immigration,M1,309187.760307085,rifR,Mutant,Mutant
40631,58,3,immigration,F1,0,rifR,Plasmid-free,Plasmid-free
40632,58,3,immigration,A2,35280.1095740539,nalR,Ancestor,Ancestor
40633,58,3,immigration,M2,253972.356227722,nalR,Mutant,Mutant
40634,58,3,immigration,F2,1008999171.84685,nalR,Plasmid-free,Plasmid-free
41329,59,3,immigration,A1,412397.927045352,rifR,Ancestor,Ancestor
41330,59,3,immigration,M1,309187.760307085,rifR,Mutant,Mutant
41331,59,3,immigration,F1,0,rifR,Plasmid-free,Plasmid-free
41332,59,3,immigration,A2,35280.1095740539,nalR,Ancestor,Ancestor
41333,59,3,immigration,M2,253972.356227722,nalR,Mutant,Mutant
41334,59,3,immigration,F2,1008999171.84685,nalR,Plasmid-free,Plasmid-free
42029,60,3,immigration,A1,412397.927045352,rifR,Ancestor,Ancestor
42030,60,3,immigration,M1,309187.760307085,rifR,Mutant,Mutant
42031,60,3,immigration,F1,0,rifR,Plasmid-free,Plasmid-free
42032,60,3,immigration,A2,35280.1095740539,nalR,Ancestor,Ancestor
42033,60,3,immigration,M2,253972.356227722,nalR,Mutant,Mutant
42034,60,3,immigration,F2,1008999171.84685,nalR,Plasmid-free,Plasmid-free
42729,61,3,immigration,A1,412397.927045352,rifR,Ancestor,Ancestor
42730,61,3,immigration,M1,309187.760307085,rifR,Mutant,Mutant
42731,61,3,immigration,F1,0,rifR,Plasmid-free,Plasmid-free
42732,61,3,immigration,A2,35280.1095740539,nalR,Ancestor,Ancestor
42733,61,3,immigration,M2,253972.356227722,nalR,Mutant,Mutant
42734,61,3,immigration,F2,1008999171.84685,nalR,Plasmid-free,Plasmid-free
43429,62,3,immigration,A1,412397.927045352,rifR,Ancestor,Ancestor
43430,62,3,immigration,M1,309187.760307085,rifR,Mutant,Mutant
43431,62,3,immigration,F1,0,rifR,Plasmid-free,Plasmid-free
43432,62,3,immigration,A2,35280.1095740539,nalR,Ancestor,Ancestor
43433,62,3,immigration,M2,253972.356227722,nalR,Mutant,Mutant
43434,62,3,immigration,F2,1008999171.84685,nalR,Plasmid-free,Plasmid-free
44129,63,3,immigration,A1,412397.927045352,rifR,Ancestor,Ancestor
44130,63,3,immigration,M1,309187.760307085,rifR,Mutant,Mutant
44131,63,3,immigration,F1,0,rifR,Plasmid-free,Plasmid-free
44132,63,3,immigration,A2,35280.1095740539,nalR,Ancestor,Ancestor
44133,63,3,immigration,M2,253972.356227722,nalR,Mutant,Mutant
44134,63,3,immigration,F2,1008999171.84685,nalR,Plasmid-free,Plasmid-free
44829,64,3,immigration,A1,412397.927045352,rifR,Ancestor,Ancestor
44830,64,3,immigration,M1,309187.760307085,rifR,Mutant,Mutant
44831,64,3,immigration,F1,0,rifR,Plasmid-free,Plasmid-free
44832,64,3,immigration,A2,35280.1095740539,nalR,Ancestor,Ancestor
44833,64,3,immigration,M2,253972.356227722,nalR,Mutant,Mutant
44834,64,3,immigration,F2,1008999171.84685,nalR,Plasmid-free,Plasmid-free
45529,65,3,immigration,A1,412397.927045352,rifR,Ancestor,Ancestor
45530,65,3,immigration,M1,309187.760307085,rifR,Mutant,Mutant
45531,65,3,immigration,F1,0,rifR,Plasmid-free,Plasmid-free
45532,65,3,immigration,A2,35280.1095740539,nalR,Ancestor,Ancestor
45533,65,3,immigration,M2,253972.356227722,nalR,Mutant,Mutant
45534,65,3,immigration,F2,1008999171.84685,nalR,Plasmid-free,Plasmid-free
46229,66,3,immigration,A1,412397.927045352,rifR,Ancestor,Ancestor
46230,66,3,immigration,M1,309187.760307085,rifR,Mutant,Mutant
46231,66,3,immigration,F1,0,rifR,Plasmid-free,Plasmid-free
46232,66,3,immigration,A2,35280.1095740539,nalR,Ancestor,Ancestor
46233,66,3,immigration,M2,253972.356227722,nalR,Mutant,Mutant
46234,66,3,immigration,F2,1008999171.84685,nalR,Plasmid-free,Plasmid-free
46929,67,3,immigration,A1,412397.927045352,rifR,Ancestor,Ancestor
46930,67,3,immigration,M1,309187.760307085,rifR,Mutant,Mutant
46931,67,3,immigration,F1,0,rifR,Plasmid-free,Plasmid-free
46932,67,3,immigration,A2,35280.1095740539,nalR,Ancestor,Ancestor
46933,67,3,immigration,M2,253972.356227722,nalR,Mutant,Mutant
46934,67,3,immigration,F2,1008999171.84685,nalR,Plasmid-free,Plasmid-free
47629,68,3,immigration,A1,412397.927045352,rifR,Ancestor,Ancestor
47630,68,3,immigration,M1,309187.760307085,rifR,Mutant,Mutant
47631,68,3,immigration,F1,0,rifR,Plasmid-free,Plasmid-free
47632,68,3,immigration,A2,35280.1095740539,nalR,Ancestor,Ancestor
47633,68,3,immigration,M2,253972.356227722,nalR,Mutant,Mutant
47634,68,3,immigration,F2,1008999171.84685,nalR,Plasmid-free,Plasmid-free
48329,69,3,immigration,A1,412397.927045352,rifR,Ancestor,Ancestor
48330,69,3,immigration,M1,309187.760307085,rifR,Mutant,Mutant
48331,69,3,immigration,F1,0,rifR,Plasmid-free,Plasmid-free
48332,69,3,immigration,A2,35280.1095740539,nalR,Ancestor,Ancestor
48333,69,3,immigration,M2,253972.356227722,nalR,Mutant,Mutant
48334,69,3,immigration,F2,1008999171.84685,nalR,Plasmid-free,Plasmid-free
49029,70,3,immigration,A1,412397.927045352,rifR,Ancestor,Ancestor
49030,70,3,immigration,M1,309187.760307085,rifR,Mutant,Mutant
49031,70,3,immigration,F1,0,rifR,Plasmid-free,Plasmid-free
49032,70,3,immigration,A2,35280.1095740539,nalR,Ancestor,Ancestor
49033,70,3,immigration,M2,253972.356227722,nalR,Mutant,Mutant
49034,70,3,immigration,F2,1008999171.84685,nalR,Plasmid-free,Plasmid-free
49729,71,3,immigration,A1,412397.927045352,rifR,Ancestor,Ancestor
49730,71,3,immigration,M1,309187.760307085,rifR,Mutant,Mutant
49731,71,3,immigration,F1,0,rifR,Plasmid-free,Plasmid-free
49732,71,3,immigration,A2,35280.1095740539,nalR,Ancestor,Ancestor
49733,71,3,immigration,M2,253972.356227722,nalR,Mutant,Mutant
49734,71,3,immigration,F2,1008999171.84685,nalR,Plasmid-free,Plasmid-free
50429,72,3,immigration,A1,412397.927045352,rifR,Ancestor,Ancestor
50430,72,3,immigration,M1,309187.760307085,rifR,Mutant,Mutant
50431,72,3,immigration,F1,0,rifR,Plasmid-free,Plasmid-free
50432,72,3,immigration,A2,35280.1095740539,nalR,Ancestor,Ancestor
50433,72,3,immigration,M2,253972.356227722,nalR,Mutant,Mutant
50434,72,3,immigration,F2,1008999171.84685,nalR,Plasmid-free,Plasmid-free
50436,72,4,immigration,A1,412397.927045352,rifR,Ancestor,Ancestor
50437,72,4,immigration,M1,309187.760307085,rifR,Mutant,Mutant
50438,72,4,immigration,F1,0,rifR,Plasmid-free,Plasmid-free
50439,72,4,immigration,A2,35280.1095740539,nalR,Ancestor,Ancestor
50440,72,4,immigration,M2,253972.356227722,nalR,Mutant,Mutant
50441,72,4,immigration,F2,1008999171.84685,nalR,Plasmid-free,Plasmid-free
50443,72,4,immigration,A1,412.397927045352,rifR,Ancestor,Ancestor
50444,72,4,immigration,M1,309.187760307085,rifR,Mutant,Mutant
50445,72,4,immigration,F1,0,rifR,Plasmid-free,Plasmid-free
50446,72,4,immigration,A2,35.2801095740539,nalR,Ancestor,Ancestor
50447,72,4,immigration,M2,253.972356227722,nalR,Mutant,Mutant
50448,72,4,immigration,F2,10008999.1718468,nalR,Plasmid-free,Plasmid-free
51143,73,4,immigration,A1,867.585811347267,rifR,Ancestor,Ancestor
51144,73,4,immigration,M1,640.308286711175,rifR,Mutant,Mutant
51145,73,4,immigration,F1,0,rifR,Plasmid-free,Plasmid-free
51146,73,4,immigration,A2,74.52299851407,nalR,Ancestor,Ancestor
51147,73,4,immigration,M2,528.697484991401,nalR,Mutant,Mutant
51148,73,4,immigration,F2,21327229.490873,nalR,Plasmid-free,Plasmid-free
51843,74,4,immigration,A1,1824.95907531782,rifR,Ancestor,Ancestor
51844,74,4,immigration,M1,1325.87272799336,rifR,Mutant,Mutant
51845,74,4,immigration,F1,0,rifR,Plasmid-free,Plasmid-free
51846,74,4,immigration,A2,158.113109376447,nalR,Ancestor,Ancestor
51847,74,4,immigration,M2,1106.8792713842,nalR,Mutant,Mutant
51848,74,4,immigration,F2,45438285.8361894,nalR,Plasmid-free,Plasmid-free
52543,75,4,immigration,A1,3837.68384577228,rifR,Ancestor,Ancestor
52544,75,4,immigration,M1,2744.68528215489,rifR,Mutant,Mutant
52545,75,4,immigration,F1,0,rifR,Plasmid-free,Plasmid-free
52546,75,4,immigration,A2,338.566396026193,nalR,Ancestor,Ancestor
52547,75,4,immigration,M2,2345.17514248525,nalR,Mutant,Mutant
52548,75,4,immigration,F2,96779313.5233262,nalR,Plasmid-free,Plasmid-free
53243,76,4,immigration,A1,8064.61482300833,rifR,Ancestor,Ancestor
53244,76,4,immigration,M1,5677.90334277296,rifR,Mutant,Mutant
53245,76,4,immigration,F1,0,rifR,Plasmid-free,Plasmid-free
53246,76,4,immigration,A2,738.677037613714,nalR,Ancestor,Ancestor
53247,76,4,immigration,M2,5092.25614947243,nalR,Mutant,Mutant
53248,76,4,immigration,F2,205985213.371153,nalR,Plasmid-free,Plasmid-free
53943,77,4,immigration,A1,16912.9077977114,rifR,Ancestor,Ancestor
53944,77,4,immigration,M1,11722.552507426,rifR,Mutant,Mutant
53945,77,4,immigration,F1,0,rifR,Plasmid-free,Plasmid-free
53946,77,4,immigration,A2,1670.67923439754,nalR,Ancestor,Ancestor
53947,77,4,immigration,M2,11605.3392095075,nalR,Mutant,Mutant
53948,77,4,immigration,F2,437516129.59941,nalR,Plasmid-free,Plasmid-free
54643,78,4,immigration,A1,34981.9509572938,rifR,Ancestor,Ancestor
54644,78,4,immigration,M1,23876.6875839303,rifR,Mutant,Mutant
54645,78,4,immigration,F1,0,rifR,Plasmid-free,Plasmid-free
54646,78,4,immigration,A2,3980.76065567797,nalR,Ancestor,Ancestor
54647,78,4,immigration,M2,28588.9777074413,nalR,Mutant,Mutant
54648,78,4,immigration,F2,916302646.320607,nalR,Plasmid-free,Plasmid-free
55343,79,4,immigration,A1,38492.2797417641,rifR,Ancestor,Ancestor
55344,79,4,immigration,M1,26219.5306969908,rifR,Mutant,Mutant
55345,79,4,immigration,F1,0,rifR,Plasmid-free,Plasmid-free
55346,79,4,immigration,A2,4494.28788676993,nalR,Ancestor,Ancestor
55347,79,4,immigration,M2,32523.1521894506,nalR,Mutant,Mutant
55348,79,4,immigration,F2,1009908280.75949,nalR,Plasmid-free,Plasmid-free
56043,80,4,immigration,A1,38492.2797417641,rifR,Ancestor,Ancestor
56044,80,4,immigration,M1,26219.5306969908,rifR,Mutant,Mutant
56045,80,4,immigration,F1,0,rifR,Plasmid-free,Plasmid-free
56046,80,4,immigration,A2,4494.28788676993,nalR,Ancestor,Ancestor
56047,80,4,immigration,M2,32523.1521894506,nalR,Mutant,Mutant
56048,80,4,immigration,F2,1009908280.75949,nalR,Plasmid-free,Plasmid-free
56743,81,4,immigration,A1,38492.2797417641,rifR,Ancestor,Ancestor
56744,81,4,immigration,M1,26219.5306969908,rifR,Mutant,Mutant
56745,81,4,immigration,F1,0,rifR,Plasmid-free,Plasmid-free
56746,81,4,immigration,A2,4494.28788676993,nalR,Ancestor,Ancestor
56747,81,4,immigration,M2,32523.1521894506,nalR,Mutant,Mutant
56748,81,4,immigration,F2,1009908280.75949,nalR,Plasmid-free,Plasmid-free
57443,82,4,immigration,A1,38492.2797417641,rifR,Ancestor,Ancestor
57444,82,4,immigration,M1,26219.5306969908,rifR,Mutant,Mutant
57445,82,4,immigration,F1,0,rifR,Plasmid-free,Plasmid-free
57446,82,4,immigration,A2,4494.28788676993,nalR,Ancestor,Ancestor
57447,82,4,immigration,M2,32523.1521894506,nalR,Mutant,Mutant
57448,82,4,immigration,F2,1009908280.75949,nalR,Plasmid-free,Plasmid-free
58143,83,4,immigration,A1,38492.2797417641,rifR,Ancestor,Ancestor
58144,83,4,immigration,M1,26219.5306969908,rifR,Mutant,Mutant
58145,83,4,immigration,F1,0,rifR,Plasmid-free,Plasmid-free
58146,83,4,immigration,A2,4494.28788676993,nalR,Ancestor,Ancestor
58147,83,4,immigration,M2,32523.1521894506,nalR,Mutant,Mutant
58148,83,4,immigration,F2,1009908280.75949,nalR,Plasmid-free,Plasmid-free
58843,84,4,immigration,A1,38492.2797417641,rifR,Ancestor,Ancestor
58844,84,4,immigration,M1,26219.5306969908,rifR,Mutant,Mutant
58845,84,4,immigration,F1,0,rifR,Plasmid-free,Plasmid-free
58846,84,4,immigration,A2,4494.28788676993,nalR,Ancestor,Ancestor
58847,84,4,immigration,M2,32523.1521894506,nalR,Mutant,Mutant
58848,84,4,immigration,F2,1009908280.75949,nalR,Plasmid-free,Plasmid-free
59543,85,4,immigration,A1,38492.2797417641,rifR,Ancestor,Ancestor
59544,85,4,immigration,M1,26219.5306969908,rifR,Mutant,Mutant
59545,85,4,immigration,F1,0,rifR,Plasmid-free,Plasmid-free
59546,85,4,immigration,A2,4494.28788676993,nalR,Ancestor,Ancestor
59547,85,4,immigration,M2,32523.1521894506,nalR,Mutant,Mutant
59548,85,4,immigration,F2,1009908280.75949,nalR,Plasmid-free,Plasmid-free
60243,86,4,immigration,A1,38492.2797417641,rifR,Ancestor,Ancestor
60244,86,4,immigration,M1,26219.5306969908,rifR,Mutant,Mutant
60245,86,4,immigration,F1,0,rifR,Plasmid-free,Plasmid-free
60246,86,4,immigration,A2,4494.28788676993,nalR,Ancestor,Ancestor
60247,86,4,immigration,M2,32523.1521894506,nalR,Mutant,Mutant
60248,86,4,immigration,F2,1009908280.75949,nalR,Plasmid-free,Plasmid-free
60943,87,4,immigration,A1,38492.2797417641,rifR,Ancestor,Ancestor
60944,87,4,immigration,M1,26219.5306969908,rifR,Mutant,Mutant
60945,87,4,immigration,F1,0,rifR,Plasmid-free,Plasmid-free
60946,87,4,immigration,A2,4494.28788676993,nalR,Ancestor,Ancestor
60947,87,4,immigration,M2,32523.1521894506,nalR,Mutant,Mutant
60948,87,4,immigration,F2,1009908280.75949,nalR,Plasmid-free,Plasmid-free
61643,88,4,immigration,A1,38492.2797417641,rifR,Ancestor,Ancestor
61644,88,4,immigration,M1,26219.5306969908,rifR,Mutant,Mutant
61645,88,4,immigration,F1,0,rifR,Plasmid-free,Plasmid-free
61646,88,4,immigration,A2,4494.28788676993,nalR,Ancestor,Ancestor
61647,88,4,immigration,M2,32523.1521894506,nalR,Mutant,Mutant
61648,88,4,immigration,F2,1009908280.75949,nalR,Plasmid-free,Plasmid-free
62343,89,4,immigration,A1,38492.2797417641,rifR,Ancestor,Ancestor
62344,89,4,immigration,M1,26219.5306969908,rifR,Mutant,Mutant
62345,89,4,immigration,F1,0,rifR,Plasmid-free,Plasmid-free
62346,89,4,immigration,A2,4494.28788676993,nalR,Ancestor,Ancestor
62347,89,4,immigration,M2,32523.1521894506,nalR,Mutant,Mutant
62348,89,4,immigration,F2,1009908280.75949,nalR,Plasmid-free,Plasmid-free
63043,90,4,immigration,A1,38492.2797417641,rifR,Ancestor,Ancestor
63044,90,4,immigration,M1,26219.5306969908,rifR,Mutant,Mutant
63045,90,4,immigration,F1,0,rifR,Plasmid-free,Plasmid-free
63046,90,4,immigration,A2,4494.28788676993,nalR,Ancestor,Ancestor
63047,90,4,immigration,M2,32523.1521894506,nalR,Mutant,Mutant
63048,90,4,immigration,F2,1009908280.75949,nalR,Plasmid-free,Plasmid-free
63743,91,4,immigration,A1,38492.2797417641,rifR,Ancestor,Ancestor
63744,91,4,immigration,M1,26219.5306969908,rifR,Mutant,Mutant
63745,91,4,immigration,F1,0,rifR,Plasmid-free,Plasmid-free
63746,91,4,immigration,A2,4494.28788676993,nalR,Ancestor,Ancestor
63747,91,4,immigration,M2,32523.1521894506,nalR,Mutant,Mutant
63748,91,4,immigration,F2,1009908280.75949,nalR,Plasmid-free,Plasmid-free
64443,92,4,immigration,A1,38492.2797417641,rifR,Ancestor,Ancestor
64444,92,4,immigration,M1,26219.5306969908,rifR,Mutant,Mutant
64445,92,4,immigration,F1,0,rifR,Plasmid-free,Plasmid-free
64446,92,4,immigration,A2,4494.28788676993,nalR,Ancestor,Ancestor
64447,92,4,immigration,M2,32523.1521894506,nalR,Mutant,Mutant
64448,92,4,immigration,F2,1009908280.75949,nalR,Plasmid-free,Plasmid-free
65143,93,4,immigration,A1,38492.2797417641,rifR,Ancestor,Ancestor
65144,93,4,immigration,M1,26219.5306969908,rifR,Mutant,Mutant
65145,93,4,immigration,F1,0,rifR,Plasmid-free,Plasmid-free
65146,93,4,immigration,A2,4494.28788676993,nalR,Ancestor,Ancestor
65147,93,4,immigration,M2,32523.1521894506,nalR,Mutant,Mutant
65148,93,4,immigration,F2,1009908280.75949,nalR,Plasmid-free,Plasmid-free
65843,94,4,immigration,A1,38492.2797417641,rifR,Ancestor,Ancestor
65844,94,4,immigration,M1,26219.5306969908,rifR,Mutant,Mutant
65845,94,4,immigration,F1,0,rifR,Plasmid-free,Plasmid-free
65846,94,4,immigration,A2,4494.28788676993,nalR,Ancestor,Ancestor
65847,94,4,immigration,M2,32523.1521894506,nalR,Mutant,Mutant
65848,94,4,immigration,F2,1009908280.75949,nalR,Plasmid-free,Plasmid-free
66543,95,4,immigration,A1,38492.2797417641,rifR,Ancestor,Ancestor
66544,95,4,immigration,M1,26219.5306969908,rifR,Mutant,Mutant
66545,95,4,immigration,F1,0,rifR,Plasmid-free,Plasmid-free
66546,95,4,immigration,A2,4494.28788676993,nalR,Ancestor,Ancestor
66547,95,4,immigration,M2,32523.1521894506,nalR,Mutant,Mutant
66548,95,4,immigration,F2,1009908280.75949,nalR,Plasmid-free,Plasmid-free
67243,96,4,immigration,A1,38492.2797417641,rifR,Ancestor,Ancestor
67244,96,4,immigration,M1,26219.5306969908,rifR,Mutant,Mutant
67245,96,4,immigration,F1,0,rifR,Plasmid-free,Plasmid-free
67246,96,4,immigration,A2,4494.28788676993,nalR,Ancestor,Ancestor
67247,96,4,immigration,M2,32523.1521894506,nalR,Mutant,Mutant
67248,96,4,immigration,F2,1009908280.75949,nalR,Plasmid-free,Plasmid-free
67250,96,5,immigration,A1,38492.2797417641,rifR,Ancestor,Ancestor
67251,96,5,immigration,M1,26219.5306969908,rifR,Mutant,Mutant
67252,96,5,immigration,F1,0,rifR,Plasmid-free,Plasmid-free
67253,96,5,immigration,A2,4494.28788676993,nalR,Ancestor,Ancestor
67254,96,5,immigration,M2,32523.1521894506,nalR,Mutant,Mutant
67255,96,5,immigration,F2,1009908280.75949,nalR,Plasmid-free,Plasmid-free
67257,96,5,immigration,A1,38.4922797417641,rifR,Ancestor,Ancestor
67258,96,5,immigration,M1,26.2195306969908,rifR,Mutant,Mutant
67259,96,5,immigration,F1,0,rifR,Plasmid-free,Plasmid-free
67260,96,5,immigration,A2,0,nalR,Ancestor,Ancestor
67261,96,5,immigration,M2,32.5231521894506,nalR,Mutant,Mutant
67262,96,5,immigration,F2,10009908.2807595,nalR,Plasmid-free,Plasmid-free
67957,97,5,immigration,A1,80.978476264808,rifR,Ancestor,Ancestor
67958,97,5,immigration,M1,54.2989889398628,rifR,Mutant,Mutant
67959,97,5,immigration,F1,0,rifR,Plasmid-free,Plasmid-free
67960,97,5,immigration,A2,0,nalR,Ancestor,Ancestor
67961,97,5,immigration,M2,67.6388897308127,nalR,Mutant,Mutant
67962,97,5,immigration,F2,21329169.3825654,nalR,Plasmid-free,Plasmid-free
68657,98,5,immigration,A1,170.337507984536,rifR,Ancestor,Ancestor
68658,98,5,immigration,M1,112.435759525131,rifR,Mutant,Mutant
68659,98,5,immigration,F1,0,rifR,Plasmid-free,Plasmid-free
68660,98,5,immigration,A2,0,nalR,Ancestor,Ancestor
68661,98,5,immigration,M2,141.322399795579,nalR,Mutant,Mutant
68662,98,5,immigration,F2,45442431.0354857,nalR,Plasmid-free,Plasmid-free
69357,99,5,immigration,A1,358.200635788286,rifR,Ancestor,Ancestor
69358,99,5,immigration,M1,232.752938556017,rifR,Mutant,Mutant
69359,99,5,immigration,F1,0,rifR,Plasmid-free,Plasmid-free
69360,99,5,immigration,A2,0,nalR,Ancestor,Ancestor
69361,99,5,immigration,M2,298.16631096146,nalR,Mutant,Mutant
69362,99,5,immigration,F2,96788196.559153,nalR,Plasmid-free,Plasmid-free
70057,100,5,immigration,A1,752.732702041779,rifR,Ancestor,Ancestor
70058,100,5,immigration,M1,481.493701567774,rifR,Mutant,Mutant
70059,100,5,immigration,F1,0,rifR,Plasmid-free,Plasmid-free
70060,100,5,immigration,A2,4.1928426296757,nalR,Ancestor,Ancestor
70061,100,5,immigration,M2,641.93531366515,nalR,Mutant,Mutant
70062,100,5,immigration,F2,206004361.526137,nalR,Plasmid-free,Plasmid-free
70757,101,5,immigration,A1,1578.61206812383,rifR,Ancestor,Ancestor
70758,101,5,immigration,M1,994.087894805694,rifR,Mutant,Mutant
70759,101,5,immigration,F1,0,rifR,Plasmid-free,Plasmid-free
70760,101,5,immigration,A2,19.244744130683,nalR,Ancestor,Ancestor
70761,101,5,immigration,M2,1439.24168122194,nalR,Mutant,Mutant
70762,101,5,immigration,F2,437557884.906381,nalR,Plasmid-free,Plasmid-free
71457,102,5,immigration,A1,3265.13258565901,rifR,Ancestor,Ancestor
71458,102,5,immigration,M1,2024.77299581736,rifR,Mutant,Mutant
71459,102,5,immigration,F1,0,rifR,Plasmid-free,Plasmid-free
71460,102,5,immigration,A2,84.966968268467,nalR,Ancestor,Ancestor
71461,102,5,immigration,M2,3447.96236126222,nalR,Mutant,Mutant
71462,102,5,immigration,F2,916394330.872211,nalR,Plasmid-free,Plasmid-free
72157,103,5,immigration,A1,3592.74247038471,rifR,Ancestor,Ancestor
72158,103,5,immigration,M1,2223.42727494234,rifR,Mutant,Mutant
72159,103,5,immigration,F1,0,rifR,Plasmid-free,Plasmid-free
72160,103,5,immigration,A2,103.300040605316,nalR,Ancestor,Ancestor
72161,103,5,immigration,M2,3904.00777507993,nalR,Mutant,Mutant
72162,103,5,immigration,F2,1010000182.03816,nalR,Plasmid-free,Plasmid-free
72857,104,5,immigration,A1,3592.74247038471,rifR,Ancestor,Ancestor
72858,104,5,immigration,M1,2223.42727494234,rifR,Mutant,Mutant
72859,104,5,immigration,F1,0,rifR,Plasmid-free,Plasmid-free
72860,104,5,immigration,A2,103.300040605316,nalR,Ancestor,Ancestor
72861,104,5,immigration,M2,3904.00777507993,nalR,Mutant,Mutant
72862,104,5,immigration,F2,1010000182.03816,nalR,Plasmid-free,Plasmid-free
73557,105,5,immigration,A1,3592.74247038471,rifR,Ancestor,Ancestor
73558,105,5,immigration,M1,2223.42727494234,rifR,Mutant,Mutant
73559,105,5,immigration,F1,0,rifR,Plasmid-free,Plasmid-free
73560,105,5,immigration,A2,103.300040605316,nalR,Ancestor,Ancestor
73561,105,5,immigration,M2,3904.00777507993,nalR,Mutant,Mutant
73562,105,5,immigration,F2,1010000182.03816,nalR,Plasmid-free,Plasmid-free
74257,106,5,immigration,A1,3592.74247038471,rifR,Ancestor,Ancestor
74258,106,5,immigration,M1,2223.42727494234,rifR,Mutant,Mutant
74259,106,5,immigration,F1,0,rifR,Plasmid-free,Plasmid-free
74260,106,5,immigration,A2,103.300040605316,nalR,Ancestor,Ancestor
74261,106,5,immigration,M2,3904.00777507993,nalR,Mutant,Mutant
74262,106,5,immigration,F2,1010000182.03816,nalR,Plasmid-free,Plasmid-free
74957,107,5,immigration,A1,3592.74247038471,rifR,Ancestor,Ancestor
74958,107,5,immigration,M1,2223.42727494234,rifR,Mutant,Mutant
74959,107,5,immigration,F1,0,rifR,Plasmid-free,Plasmid-free
74960,107,5,immigration,A2,103.300040605316,nalR,Ancestor,Ancestor
74961,107,5,immigration,M2,3904.00777507993,nalR,Mutant,Mutant
74962,107,5,immigration,F2,1010000182.03816,nalR,Plasmid-free,Plasmid-free
75657,108,5,immigration,A1,3592.74247038471,rifR,Ancestor,Ancestor
75658,108,5,immigration,M1,2223.42727494234,rifR,Mutant,Mutant
75659,108,5,immigration,F1,0,rifR,Plasmid-free,Plasmid-free
75660,108,5,immigration,A2,103.300040605316,nalR,Ancestor,Ancestor
75661,108,5,immigration,M2,3904.00777507993,nalR,Mutant,Mutant
75662,108,5,immigration,F2,1010000182.03816,nalR,Plasmid-free,Plasmid-free
76357,109,5,immigration,A1,3592.74247038471,rifR,Ancestor,Ancestor
76358,109,5,immigration,M1,2223.42727494234,rifR,Mutant,Mutant
76359,109,5,immigration,F1,0,rifR,Plasmid-free,Plasmid-free
76360,109,5,immigration,A2,103.300040605316,nalR,Ancestor,Ancestor
76361,109,5,immigration,M2,3904.00777507993,nalR,Mutant,Mutant
76362,109,5,immigration,F2,1010000182.03816,nalR,Plasmid-free,Plasmid-free
77057,110,5,immigration,A1,3592.74247038471,rifR,Ancestor,Ancestor
77058,110,5,immigration,M1,2223.42727494234,rifR,Mutant,Mutant
77059,110,5,immigration,F1,0,rifR,Plasmid-free,Plasmid-free
77060,110,5,immigration,A2,103.300040605316,nalR,Ancestor,Ancestor
77061,110,5,immigration,M2,3904.00777507993,nalR,Mutant,Mutant
77062,110,5,immigration,F2,1010000182.03816,nalR,Plasmid-free,Plasmid-free
77757,111,5,immigration,A1,3592.74247038471,rifR,Ancestor,Ancestor
77758,111,5,immigration,M1,2223.42727494234,rifR,Mutant,Mutant
77759,111,5,immigration,F1,0,rifR,Plasmid-free,Plasmid-free
77760,111,5,immigration,A2,103.300040605316,nalR,Ancestor,Ancestor
77761,111,5,immigration,M2,3904.00777507993,nalR,Mutant,Mutant
77762,111,5,immigration,F2,1010000182.03816,nalR,Plasmid-free,Plasmid-free
78457,112,5,immigration,A1,3592.74247038471,rifR,Ancestor,Ancestor
78458,112,5,immigration,M1,2223.42727494234,rifR,Mutant,Mutant
78459,112,5,immigration,F1,0,rifR,Plasmid-free,Plasmid-free
78460,112,5,immigration,A2,103.300040605316,nalR,Ancestor,Ancestor
78461,112,5,immigration,M2,3904.00777507993,nalR,Mutant,Mutant
78462,112,5,immigration,F2,1010000182.03816,nalR,Plasmid-free,Plasmid-free
79157,113,5,immigration,A1,3592.74247038471,rifR,Ancestor,Ancestor
79158,113,5,immigration,M1,2223.42727494234,rifR,Mutant,Mutant
79159,113,5,immigration,F1,0,rifR,Plasmid-free,Plasmid-free
79160,113,5,immigration,A2,103.300040605316,nalR,Ancestor,Ancestor
79161,113,5,immigration,M2,3904.00777507993,nalR,Mutant,Mutant
79162,113,5,immigration,F2,1010000182.03816,nalR,Plasmid-free,Plasmid-free
79857,114,5,immigration,A1,3592.74247038471,rifR,Ancestor,Ancestor
79858,114,5,immigration,M1,2223.42727494234,rifR,Mutant,Mutant
79859,114,5,immigration,F1,0,rifR,Plasmid-free,Plasmid-free
79860,114,5,immigration,A2,103.300040605316,nalR,Ancestor,Ancestor
79861,114,5,immigration,M2,3904.00777507993,nalR,Mutant,Mutant
79862,114,5,immigration,F2,1010000182.03816,nalR,Plasmid-free,Plasmid-free
80557,115,5,immigration,A1,3592.74247038471,rifR,Ancestor,Ancestor
80558,115,5,immigration,M1,2223.42727494234,rifR,Mutant,Mutant
80559,115,5,immigration,F1,0,rifR,Plasmid-free,Plasmid-free
80560,115,5,immigration,A2,103.300040605316,nalR,Ancestor,Ancestor
80561,115,5,immigration,M2,3904.00777507993,nalR,Mutant,Mutant
80562,115,5,immigration,F2,1010000182.03816,nalR,Plasmid-free,Plasmid-free
81257,116,5,immigration,A1,3592.74247038471,rifR,Ancestor,Ancestor
81258,116,5,immigration,M1,2223.42727494234,rifR,Mutant,Mutant
81259,116,5,immigration,F1,0,rifR,Plasmid-free,Plasmid-free
81260,116,5,immigration,A2,103.300040605316,nalR,Ancestor,Ancestor
81261,116,5,immigration,M2,3904.00777507993,nalR,Mutant,Mutant
81262,116,5,immigration,F2,1010000182.03816,nalR,Plasmid-free,Plasmid-free
81957,117,5,immigration,A1,3592.74247038471,rifR,Ancestor,Ancestor
81958,117,5,immigration,M1,2223.42727494234,rifR,Mutant,Mutant
81959,117,5,immigration,F1,0,rifR,Plasmid-free,Plasmid-free
81960,117,5,immigration,A2,103.300040605316,nalR,Ancestor,Ancestor
81961,117,5,immigration,M2,3904.00777507993,nalR,Mutant,Mutant
81962,117,5,immigration,F2,1010000182.03816,nalR,Plasmid-free,Plasmid-free
82657,118,5,immigration,A1,3592.74247038471,rifR,Ancestor,Ancestor
82658,118,5,immigration,M1,2223.42727494234,rifR,Mutant,Mutant
82659,118,5,immigration,F1,0,rifR,Plasmid-free,Plasmid-free
82660,118,5,immigration,A2,103.300040605316,nalR,Ancestor,Ancestor
82661,118,5,immigration,M2,3904.00777507993,nalR,Mutant,Mutant
82662,118,5,immigration,F2,1010000182.03816,nalR,Plasmid-free,Plasmid-free
83357,119,5,immigration,A1,3592.74247038471,rifR,Ancestor,Ancestor
83358,119,5,immigration,M1,2223.42727494234,rifR,Mutant,Mutant
83359,119,5,immigration,F1,0,rifR,Plasmid-free,Plasmid-free
83360,119,5,immigration,A2,103.300040605316,nalR,Ancestor,Ancestor
83361,119,5,immigration,M2,3904.00777507993,nalR,Mutant,Mutant
83362,119,5,immigration,F2,1010000182.03816,nalR,Plasmid-free,Plasmid-free
84057,120,5,immigration,A1,3592.74247038471,rifR,Ancestor,Ancestor
84058,120,5,immigration,M1,2223.42727494234,rifR,Mutant,Mutant
84059,120,5,immigration,F1,0,rifR,Plasmid-free,Plasmid-free
84060,120,5,immigration,A2,103.300040605316,nalR,Ancestor,Ancestor
84061,120,5,immigration,M2,3904.00777507993,nalR,Mutant,Mutant
84062,120,5,immigration,F2,1010000182.03816,nalR,Plasmid-free,Plasmid-free
84064,120,6,immigration,A1,3592.74247038471,rifR,Ancestor,Ancestor
84065,120,6,immigration,M1,2223.42727494234,rifR,Mutant,Mutant
84066,120,6,immigration,F1,0,rifR,Plasmid-free,Plasmid-free
84067,120,6,immigration,A2,103.300040605316,nalR,Ancestor,Ancestor
84068,120,6,immigration,M2,3904.00777507993,nalR,Mutant,Mutant
84069,120,6,immigration,F2,1010000182.03816,nalR,Plasmid-free,Plasmid-free
84071,120,6,immigration,A1,0,rifR,Ancestor,Ancestor
84072,120,6,immigration,M1,0,rifR,Mutant,Mutant
84073,120,6,immigration,F1,0,rifR,Plasmid-free,Plasmid-free
84074,120,6,immigration,A2,0,nalR,Ancestor,Ancestor
84075,120,6,immigration,M2,0,nalR,Mutant,Mutant
84076,120,6,immigration,F2,10010000.1820382,nalR,Plasmid-free,Plasmid-free
84771,121,6,immigration,A1,0,rifR,Ancestor,Ancestor
84772,121,6,immigration,M1,0,rifR,Mutant,Mutant
84773,121,6,immigration,F1,0,rifR,Plasmid-free,Plasmid-free
84774,121,6,immigration,A2,0,nalR,Ancestor,Ancestor
84775,121,6,immigration,M2,0,nalR,Mutant,Mutant
84776,121,6,immigration,F2,21329365.5216428,nalR,Plasmid-free,Plasmid-free
85471,122,6,immigration,A1,0,rifR,Ancestor,Ancestor
85472,122,6,immigration,M1,0,rifR,Mutant,Mutant
85473,122,6,immigration,F1,0,rifR,Plasmid-free,Plasmid-free
85474,122,6,immigration,A2,0,nalR,Ancestor,Ancestor
85475,122,6,immigration,M2,0,nalR,Mutant,Mutant
85476,122,6,immigration,F2,45442850.3128559,nalR,Plasmid-free,Plasmid-free
86171,123,6,immigration,A1,0,rifR,Ancestor,Ancestor
86172,123,6,immigration,M1,0,rifR,Mutant,Mutant
86173,123,6,immigration,F1,0,rifR,Plasmid-free,Plasmid-free
86174,123,6,immigration,A2,0,nalR,Ancestor,Ancestor
86175,123,6,immigration,M2,0,nalR,Mutant,Mutant
86176,123,6,immigration,F2,96789095.7866611,nalR,Plasmid-free,Plasmid-free
86871,124,6,immigration,A1,0,rifR,Ancestor,Ancestor
86872,124,6,immigration,M1,0,rifR,Mutant,Mutant
86873,124,6,immigration,F1,0,rifR,Plasmid-free,Plasmid-free
86874,124,6,immigration,A2,0,nalR,Ancestor,Ancestor
86875,124,6,immigration,M2,0,nalR,Mutant,Mutant
86876,124,6,immigration,F2,206006303.155504,nalR,Plasmid-free,Plasmid-free
87571,125,6,immigration,A1,0,rifR,Ancestor,Ancestor
87572,125,6,immigration,M1,0,rifR,Mutant,Mutant
87573,125,6,immigration,F1,0,rifR,Plasmid-free,Plasmid-free
87574,125,6,immigration,A2,0,nalR,Ancestor,Ancestor
87575,125,6,immigration,M2,0,nalR,Mutant,Mutant
87576,125,6,immigration,F2,437562133.850987,nalR,Plasmid-free,Plasmid-free
88271,126,6,immigration,A1,0,rifR,Ancestor,Ancestor
88272,126,6,immigration,M1,0,rifR,Mutant,Mutant
88273,126,6,immigration,F1,0,rifR,Plasmid-free,Plasmid-free
88274,126,6,immigration,A2,0,nalR,Ancestor,Ancestor
88275,126,6,immigration,M2,0,nalR,Mutant,Mutant
88276,126,6,immigration,F2,916403750.138291,nalR,Plasmid-free,Plasmid-free
88971,127,6,immigration,A1,0,rifR,Ancestor,Ancestor
88972,127,6,immigration,M1,0,rifR,Mutant,Mutant
88973,127,6,immigration,F1,0,rifR,Plasmid-free,Plasmid-free
88974,127,6,immigration,A2,0,nalR,Ancestor,Ancestor
88975,127,6,immigration,M2,0,nalR,Mutant,Mutant
88976,127,6,immigration,F2,1010010000.18204,nalR,Plasmid-free,Plasmid-free
89671,128,6,immigration,A1,0,rifR,Ancestor,Ancestor
89672,128,6,immigration,M1,0,rifR,Mutant,Mutant
89673,128,6,immigration,F1,0,rifR,Plasmid-free,Plasmid-free
89674,128,6,immigration,A2,0,nalR,Ancestor,Ancestor
89675,128,6,immigration,M2,0,nalR,Mutant,Mutant
89676,128,6,immigration,F2,1010010000.18204,nalR,Plasmid-free,Plasmid-free
90371,129,6,immigration,A1,0,rifR,Ancestor,Ancestor
90372,129,6,immigration,M1,0,rifR,Mutant,Mutant
90373,129,6,immigration,F1,0,rifR,Plasmid-free,Plasmid-free
90374,129,6,immigration,A2,0,nalR,Ancestor,Ancestor
90375,129,6,immigration,M2,0,nalR,Mutant,Mutant
90376,129,6,immigration,F2,1010010000.18204,nalR,Plasmid-free,Plasmid-free
91071,130,6,immigration,A1,0,rifR,Ancestor,Ancestor
91072,130,6,immigration,M1,0,rifR,Mutant,Mutant
91073,130,6,immigration,F1,0,rifR,Plasmid-free,Plasmid-free
91074,130,6,immigration,A2,0,nalR,Ancestor,Ancestor
91075,130,6,immigration,M2,0,nalR,Mutant,Mutant
91076,130,6,immigration,F2,1010010000.18204,nalR,Plasmid-free,Plasmid-free
91771,131,6,immigration,A1,0,rifR,Ancestor,Ancestor
91772,131,6,immigration,M1,0,rifR,Mutant,Mutant
91773,131,6,immigration,F1,0,rifR,Plasmid-free,Plasmid-free
91774,131,6,immigration,A2,0,nalR,Ancestor,Ancestor
91775,131,6,immigration,M2,0,nalR,Mutant,Mutant
91776,131,6,immigration,F2,1010010000.18204,nalR,Plasmid-free,Plasmid-free
92471,132,6,immigration,A1,0,rifR,Ancestor,Ancestor
92472,132,6,immigration,M1,0,rifR,Mutant,Mutant
92473,132,6,immigration,F1,0,rifR,Plasmid-free,Plasmid-free
92474,132,6,immigration,A2,0,nalR,Ancestor,Ancestor
92475,132,6,immigration,M2,0,nalR,Mutant,Mutant
92476,132,6,immigration,F2,1010010000.18204,nalR,Plasmid-free,Plasmid-free
93171,133,6,immigration,A1,0,rifR,Ancestor,Ancestor
93172,133,6,immigration,M1,0,rifR,Mutant,Mutant
93173,133,6,immigration,F1,0,rifR,Plasmid-free,Plasmid-free
93174,133,6,immigration,A2,0,nalR,Ancestor,Ancestor
93175,133,6,immigration,M2,0,nalR,Mutant,Mutant
93176,133,6,immigration,F2,1010010000.18204,nalR,Plasmid-free,Plasmid-free
93871,134,6,immigration,A1,0,rifR,Ancestor,Ancestor
93872,134,6,immigration,M1,0,rifR,Mutant,Mutant
93873,134,6,immigration,F1,0,rifR,Plasmid-free,Plasmid-free
93874,134,6,immigration,A2,0,nalR,Ancestor,Ancestor
93875,134,6,immigration,M2,0,nalR,Mutant,Mutant
93876,134,6,immigration,F2,1010010000.18204,nalR,Plasmid-free,Plasmid-free
94571,135,6,immigration,A1,0,rifR,Ancestor,Ancestor
94572,135,6,immigration,M1,0,rifR,Mutant,Mutant
94573,135,6,immigration,F1,0,rifR,Plasmid-free,Plasmid-free
94574,135,6,immigration,A2,0,nalR,Ancestor,Ancestor
94575,135,6,immigration,M2,0,nalR,Mutant,Mutant
94576,135,6,immigration,F2,1010010000.18204,nalR,Plasmid-free,Plasmid-free
95271,136,6,immigration,A1,0,rifR,Ancestor,Ancestor
95272,136,6,immigration,M1,0,rifR,Mutant,Mutant
95273,136,6,immigration,F1,0,rifR,Plasmid-free,Plasmid-free
95274,136,6,immigration,A2,0,nalR,Ancestor,Ancestor
95275,136,6,immigration,M2,0,nalR,Mutant,Mutant
95276,136,6,immigration,F2,1010010000.18204,nalR,Plasmid-free,Plasmid-free
95971,137,6,immigration,A1,0,rifR,Ancestor,Ancestor
95972,137,6,immigration,M1,0,rifR,Mutant,Mutant
95973,137,6,immigration,F1,0,rifR,Plasmid-free,Plasmid-free
95974,137,6,immigration,A2,0,nalR,Ancestor,Ancestor
95975,137,6,immigration,M2,0,nalR,Mutant,Mutant
95976,137,6,immigration,F2,1010010000.18204,nalR,Plasmid-free,Plasmid-free
96671,138,6,immigration,A1,0,rifR,Ancestor,Ancestor
96672,138,6,immigration,M1,0,rifR,Mutant,Mutant
96673,138,6,immigration,F1,0,rifR,Plasmid-free,Plasmid-free
96674,138,6,immigration,A2,0,nalR,Ancestor,Ancestor
96675,138,6,immigration,M2,0,nalR,Mutant,Mutant
96676,138,6,immigration,F2,1010010000.18204,nalR,Plasmid-free,Plasmid-free
97371,139,6,immigration,A1,0,rifR,Ancestor,Ancestor
97372,139,6,immigration,M1,0,rifR,Mutant,Mutant
97373,139,6,immigration,F1,0,rifR,Plasmid-free,Plasmid-free
97374,139,6,immigration,A2,0,nalR,Ancestor,Ancestor
97375,139,6,immigration,M2,0,nalR,Mutant,Mutant
97376,139,6,immigration,F2,1010010000.18204,nalR,Plasmid-free,Plasmid-free
98071,140,6,immigration,A1,0,rifR,Ancestor,Ancestor
98072,140,6,immigration,M1,0,rifR,Mutant,Mutant
98073,140,6,immigration,F1,0,rifR,Plasmid-free,Plasmid-free
98074,140,6,immigration,A2,0,nalR,Ancestor,Ancestor
98075,140,6,immigration,M2,0,nalR,Mutant,Mutant
98076,140,6,immigration,F2,1010010000.18204,nalR,Plasmid-free,Plasmid-free
98771,141,6,immigration,A1,0,rifR,Ancestor,Ancestor
98772,141,6,immigration,M1,0,rifR,Mutant,Mutant
98773,141,6,immigration,F1,0,rifR,Plasmid-free,Plasmid-free
98774,141,6,immigration,A2,0,nalR,Ancestor,Ancestor
98775,141,6,immigration,M2,0,nalR,Mutant,Mutant
98776,141,6,immigration,F2,1010010000.18204,nalR,Plasmid-free,Plasmid-free
99471,142,6,immigration,A1,0,rifR,Ancestor,Ancestor
99472,142,6,immigration,M1,0,rifR,Mutant,Mutant
99473,142,6,immigration,F1,0,rifR,Plasmid-free,Plasmid-free
99474,142,6,immigration,A2,0,nalR,Ancestor,Ancestor
99475,142,6,immigration,M2,0,nalR,Mutant,Mutant
99476,142,6,immigration,F2,1010010000.18204,nalR,Plasmid-free,Plasmid-free
100171,143,6,immigration,A1,0,rifR,Ancestor,Ancestor
100172,143,6,immigration,M1,0,rifR,Mutant,Mutant
100173,143,6,immigration,F1,0,rifR,Plasmid-free,Plasmid-free
100174,143,6,immigration,A2,0,nalR,Ancestor,Ancestor
100175,143,6,immigration,M2,0,nalR,Mutant,Mutant
100176,143,6,immigration,F2,1010010000.18204,nalR,Plasmid-free,Plasmid-free
100871,144,6,immigration,A1,0,rifR,Ancestor,Ancestor
100872,144,6,immigration,M1,0,rifR,Mutant,Mutant
100873,144,6,immigration,F1,0,rifR,Plasmid-free,Plasmid-free
100874,144,6,immigration,A2,0,nalR,Ancestor,Ancestor
100875,144,6,immigration,M2,0,nalR,Mutant,Mutant
100876,144,6,immigration,F2,1010010000.18204,nalR,Plasmid-free,Plasmid-free
100878,144,7,immigration,A1,0,rifR,Ancestor,Ancestor
100879,144,7,immigration,M1,0,rifR,Mutant,Mutant
100880,144,7,immigration,F1,0,rifR,Plasmid-free,Plasmid-free
100881,144,7,immigration,A2,0,nalR,Ancestor,Ancestor
100882,144,7,immigration,M2,0,nalR,Mutant,Mutant
100883,144,7,immigration,F2,1010010000.18204,nalR,Plasmid-free,Plasmid-free
100885,144,7,immigration,A1,0,rifR,Ancestor,Ancestor
100886,144,7,immigration,M1,0,rifR,Mutant,Mutant
100887,144,7,immigration,F1,0,rifR,Plasmid-free,Plasmid-free
100888,144,7,immigration,A2,0,nalR,Ancestor,Ancestor
100889,144,7,immigration,M2,0,nalR,Mutant,Mutant
100890,144,7,immigration,F2,10010010.000182,nalR,Plasmid-free,Plasmid-free
101585,145,7,immigration,A1,0,rifR,Ancestor,Ancestor
101586,145,7,immigration,M1,0,rifR,Mutant,Mutant
101587,145,7,immigration,F1,0,rifR,Plasmid-free,Plasmid-free
101588,145,7,immigration,A2,0,nalR,Ancestor,Ancestor
101589,145,7,immigration,M2,0,nalR,Mutant,Mutant
101590,145,7,immigration,F2,21329386.4414347,nalR,Plasmid-free,Plasmid-free
102285,146,7,immigration,A1,0,rifR,Ancestor,Ancestor
102286,146,7,immigration,M1,0,rifR,Mutant,Mutant
102287,146,7,immigration,F1,0,rifR,Plasmid-free,Plasmid-free
102288,146,7,immigration,A2,0,nalR,Ancestor,Ancestor
102289,146,7,immigration,M2,0,nalR,Mutant,Mutant
102290,146,7,immigration,F2,45442894.8755292,nalR,Plasmid-free,Plasmid-free
102985,147,7,immigration,A1,0,rifR,Ancestor,Ancestor
102986,147,7,immigration,M1,0,rifR,Mutant,Mutant
102987,147,7,immigration,F1,0,rifR,Plasmid-free,Plasmid-free
102988,147,7,immigration,A2,0,nalR,Ancestor,Ancestor
102989,147,7,immigration,M2,0,nalR,Mutant,Mutant
102990,147,7,immigration,F2,96789190.6548011,nalR,Plasmid-free,Plasmid-free
103685,148,7,immigration,A1,0,rifR,Ancestor,Ancestor
103686,148,7,immigration,M1,0,rifR,Mutant,Mutant
103687,148,7,immigration,F1,0,rifR,Plasmid-free,Plasmid-free
103688,148,7,immigration,A2,0,nalR,Ancestor,Ancestor
103689,148,7,immigration,M2,0,nalR,Mutant,Mutant
103690,148,7,immigration,F2,206006504.799426,nalR,Plasmid-free,Plasmid-free
104385,149,7,immigration,A1,0,rifR,Ancestor,Ancestor
104386,149,7,immigration,M1,0,rifR,Mutant,Mutant
104387,149,7,immigration,F1,0,rifR,Plasmid-free,Plasmid-free
104388,149,7,immigration,A2,0,nalR,Ancestor,Ancestor
104389,149,7,immigration,M2,0,nalR,Mutant,Mutant
104390,149,7,immigration,F2,437562560.119274,nalR,Plasmid-free,Plasmid-free
105085,150,7,immigration,A1,0,rifR,Ancestor,Ancestor
105086,150,7,immigration,M1,0,rifR,Mutant,Mutant
105087,150,7,immigration,F1,0,rifR,Plasmid-free,Plasmid-free
105088,150,7,immigration,A2,0,nalR,Ancestor,Ancestor
105089,150,7,immigration,M2,0,nalR,Mutant,Mutant
105090,150,7,immigration,F2,916404574.533749,nalR,Plasmid-free,Plasmid-free
105785,151,7,immigration,A1,0,rifR,Ancestor,Ancestor
105786,151,7,immigration,M1,0,rifR,Mutant,Mutant
105787,151,7,immigration,F1,0,rifR,Plasmid-free,Plasmid-free
105788,151,7,immigration,A2,0,nalR,Ancestor,Ancestor
105789,151,7,immigration,M2,0,nalR,Mutant,Mutant
105790,151,7,immigration,F2,1010010010.00018,nalR,Plasmid-free,Plasmid-free
106485,152,7,immigration,A1,0,rifR,Ancestor,Ancestor
106486,152,7,immigration,M1,0,rifR,Mutant,Mutant
106487,152,7,immigration,F1,0,rifR,Plasmid-free,Plasmid-free
106488,152,7,immigration,A2,0,nalR,Ancestor,Ancestor
106489,152,7,immigration,M2,0,nalR,Mutant,Mutant
106490,152,7,immigration,F2,1010010010.00018,nalR,Plasmid-free,Plasmid-free
107185,153,7,immigration,A1,0,rifR,Ancestor,Ancestor
107186,153,7,immigration,M1,0,rifR,Mutant,Mutant
107187,153,7,immigration,F1,0,rifR,Plasmid-free,Plasmid-free
107188,153,7,immigration,A2,0,nalR,Ancestor,Ancestor
107189,153,7,immigration,M2,0,nalR,Mutant,Mutant
107190,153,7,immigration,F2,1010010010.00018,nalR,Plasmid-free,Plasmid-free
107885,154,7,immigration,A1,0,rifR,Ancestor,Ancestor
107886,154,7,immigration,M1,0,rifR,Mutant,Mutant
107887,154,7,immigration,F1,0,rifR,Plasmid-free,Plasmid-free
107888,154,7,immigration,A2,0,nalR,Ancestor,Ancestor
107889,154,7,immigration,M2,0,nalR,Mutant,Mutant
107890,154,7,immigration,F2,1010010010.00018,nalR,Plasmid-free,Plasmid-free
108585,155,7,immigration,A1,0,rifR,Ancestor,Ancestor
108586,155,7,immigration,M1,0,rifR,Mutant,Mutant
108587,155,7,immigration,F1,0,rifR,Plasmid-free,Plasmid-free
108588,155,7,immigration,A2,0,nalR,Ancestor,Ancestor
108589,155,7,immigration,M2,0,nalR,Mutant,Mutant
108590,155,7,immigration,F2,1010010010.00018,nalR,Plasmid-free,Plasmid-free
109285,156,7,immigration,A1,0,rifR,Ancestor,Ancestor
109286,156,7,immigration,M1,0,rifR,Mutant,Mutant
109287,156,7,immigration,F1,0,rifR,Plasmid-free,Plasmid-free
109288,156,7,immigration,A2,0,nalR,Ancestor,Ancestor
109289,156,7,immigration,M2,0,nalR,Mutant,Mutant
109290,156,7,immigration,F2,1010010010.00018,nalR,Plasmid-free,Plasmid-free
109985,157,7,immigration,A1,0,rifR,Ancestor,Ancestor
109986,157,7,immigration,M1,0,rifR,Mutant,Mutant
109987,157,7,immigration,F1,0,rifR,Plasmid-free,Plasmid-free
109988,157,7,immigration,A2,0,nalR,Ancestor,Ancestor
109989,157,7,immigration,M2,0,nalR,Mutant,Mutant
109990,157,7,immigration,F2,1010010010.00018,nalR,Plasmid-free,Plasmid-free
110685,158,7,immigration,A1,0,rifR,Ancestor,Ancestor
110686,158,7,immigration,M1,0,rifR,Mutant,Mutant
110687,158,7,immigration,F1,0,rifR,Plasmid-free,Plasmid-free
110688,158,7,immigration,A2,0,nalR,Ancestor,Ancestor
110689,158,7,immigration,M2,0,nalR,Mutant,Mutant
110690,158,7,immigration,F2,1010010010.00018,nalR,Plasmid-free,Plasmid-free
111385,159,7,immigration,A1,0,rifR,Ancestor,Ancestor
111386,159,7,immigration,M1,0,rifR,Mutant,Mutant
111387,159,7,immigration,F1,0,rifR,Plasmid-free,Plasmid-free
111388,159,7,immigration,A2,0,nalR,Ancestor,Ancestor
111389,159,7,immigration,M2,0,nalR,Mutant,Mutant
111390,159,7,immigration,F2,1010010010.00018,nalR,Plasmid-free,Plasmid-free
112085,160,7,immigration,A1,0,rifR,Ancestor,Ancestor
112086,160,7,immigration,M1,0,rifR,Mutant,Mutant
112087,160,7,immigration,F1,0,rifR,Plasmid-free,Plasmid-free
112088,160,7,immigration,A2,0,nalR,Ancestor,Ancestor
112089,160,7,immigration,M2,0,nalR,Mutant,Mutant
112090,160,7,immigration,F2,1010010010.00018,nalR,Plasmid-free,Plasmid-free
112785,161,7,immigration,A1,0,rifR,Ancestor,Ancestor
112786,161,7,immigration,M1,0,rifR,Mutant,Mutant
112787,161,7,immigration,F1,0,rifR,Plasmid-free,Plasmid-free
112788,161,7,immigration,A2,0,nalR,Ancestor,Ancestor
112789,161,7,immigration,M2,0,nalR,Mutant,Mutant
112790,161,7,immigration,F2,1010010010.00018,nalR,Plasmid-free,Plasmid-free
113485,162,7,immigration,A1,0,rifR,Ancestor,Ancestor
113486,162,7,immigration,M1,0,rifR,Mutant,Mutant
113487,162,7,immigration,F1,0,rifR,Plasmid-free,Plasmid-free
113488,162,7,immigration,A2,0,nalR,Ancestor,Ancestor
113489,162,7,immigration,M2,0,nalR,Mutant,Mutant
113490,162,7,immigration,F2,1010010010.00018,nalR,Plasmid-free,Plasmid-free
114185,163,7,immigration,A1,0,rifR,Ancestor,Ancestor
114186,163,7,immigration,M1,0,rifR,Mutant,Mutant
114187,163,7,immigration,F1,0,rifR,Plasmid-free,Plasmid-free
114188,163,7,immigration,A2,0,nalR,Ancestor,Ancestor
114189,163,7,immigration,M2,0,nalR,Mutant,Mutant
114190,163,7,immigration,F2,1010010010.00018,nalR,Plasmid-free,Plasmid-free
114885,164,7,immigration,A1,0,rifR,Ancestor,Ancestor
114886,164,7,immigration,M1,0,rifR,Mutant,Mutant
114887,164,7,immigration,F1,0,rifR,Plasmid-free,Plasmid-free
114888,164,7,immigration,A2,0,nalR,Ancestor,Ancestor
114889,164,7,immigration,M2,0,nalR,Mutant,Mutant
114890,164,7,immigration,F2,1010010010.00018,nalR,Plasmid-free,Plasmid-free
115585,165,7,immigration,A1,0,rifR,Ancestor,Ancestor
115586,165,7,immigration,M1,0,rifR,Mutant,Mutant
115587,165,7,immigration,F1,0,rifR,Plasmid-free,Plasmid-free
115588,165,7,immigration,A2,0,nalR,Ancestor,Ancestor
115589,165,7,immigration,M2,0,nalR,Mutant,Mutant
115590,165,7,immigration,F2,1010010010.00018,nalR,Plasmid-free,Plasmid-free
116285,166,7,immigration,A1,0,rifR,Ancestor,Ancestor
116286,166,7,immigration,M1,0,rifR,Mutant,Mutant
116287,166,7,immigration,F1,0,rifR,Plasmid-free,Plasmid-free
116288,166,7,immigration,A2,0,nalR,Ancestor,Ancestor
116289,166,7,immigration,M2,0,nalR,Mutant,Mutant
116290,166,7,immigration,F2,1010010010.00018,nalR,Plasmid-free,Plasmid-free
116985,167,7,immigration,A1,0,rifR,Ancestor,Ancestor
116986,167,7,immigration,M1,0,rifR,Mutant,Mutant
116987,167,7,immigration,F1,0,rifR,Plasmid-free,Plasmid-free
116988,167,7,immigration,A2,0,nalR,Ancestor,Ancestor
116989,167,7,immigration,M2,0,nalR,Mutant,Mutant
116990,167,7,immigration,F2,1010010010.00018,nalR,Plasmid-free,Plasmid-free
117685,168,7,immigration,A1,0,rifR,Ancestor,Ancestor
117686,168,7,immigration,M1,0,rifR,Mutant,Mutant
117687,168,7,immigration,F1,0,rifR,Plasmid-free,Plasmid-free
117688,168,7,immigration,A2,0,nalR,Ancestor,Ancestor
117689,168,7,immigration,M2,0,nalR,Mutant,Mutant
117690,168,7,immigration,F2,1010010010.00018,nalR,Plasmid-free,Plasmid-free
117692,168,8,immigration,A1,0,rifR,Ancestor,Ancestor
117693,168,8,immigration,M1,0,rifR,Mutant,Mutant
117694,168,8,immigration,F1,0,rifR,Plasmid-free,Plasmid-free
117695,168,8,immigration,A2,0,nalR,Ancestor,Ancestor
117696,168,8,immigration,M2,0,nalR,Mutant,Mutant
117697,168,8,immigration,F2,1010010010.00018,nalR,Plasmid-free,Plasmid-free
117699,168,8,immigration,A1,0,rifR,Ancestor,Ancestor
117700,168,8,immigration,M1,0,rifR,Mutant,Mutant
117701,168,8,immigration,F1,0,rifR,Plasmid-free,Plasmid-free
117702,168,8,immigration,A2,0,nalR,Ancestor,Ancestor
117703,168,8,immigration,M2,0,nalR,Mutant,Mutant
117704,168,8,immigration,F2,10010010.0100002,nalR,Plasmid-free,Plasmid-free
118399,169,8,immigration,A1,0,rifR,Ancestor,Ancestor
118400,169,8,immigration,M1,0,rifR,Mutant,Mutant
118401,169,8,immigration,F1,0,rifR,Plasmid-free,Plasmid-free
118402,169,8,immigration,A2,0,nalR,Ancestor,Ancestor
118403,169,8,immigration,M2,0,nalR,Mutant,Mutant
118404,169,8,immigration,F2,21329386.4623545,nalR,Plasmid-free,Plasmid-free
119099,170,8,immigration,A1,0,rifR,Ancestor,Ancestor
119100,170,8,immigration,M1,0,rifR,Mutant,Mutant
119101,170,8,immigration,F1,0,rifR,Plasmid-free,Plasmid-free
119102,170,8,immigration,A2,0,nalR,Ancestor,Ancestor
119103,170,8,immigration,M2,0,nalR,Mutant,Mutant
119104,170,8,immigration,F2,45442894.9200917,nalR,Plasmid-free,Plasmid-free
119799,171,8,immigration,A1,0,rifR,Ancestor,Ancestor
119800,171,8,immigration,M1,0,rifR,Mutant,Mutant
119801,171,8,immigration,F1,0,rifR,Plasmid-free,Plasmid-free
119802,171,8,immigration,A2,0,nalR,Ancestor,Ancestor
119803,171,8,immigration,M2,0,nalR,Mutant,Mutant
119804,171,8,immigration,F2,96789190.7496689,nalR,Plasmid-free,Plasmid-free
120499,172,8,immigration,A1,0,rifR,Ancestor,Ancestor
120500,172,8,immigration,M1,0,rifR,Mutant,Mutant
120501,172,8,immigration,F1,0,rifR,Plasmid-free,Plasmid-free
120502,172,8,immigration,A2,0,nalR,Ancestor,Ancestor
120503,172,8,immigration,M2,0,nalR,Mutant,Mutant
120504,172,8,immigration,F2,206006505.00107,nalR,Plasmid-free,Plasmid-free
121199,173,8,immigration,A1,0,rifR,Ancestor,Ancestor
121200,173,8,immigration,M1,0,rifR,Mutant,Mutant
121201,173,8,immigration,F1,0,rifR,Plasmid-free,Plasmid-free
121202,173,8,immigration,A2,0,nalR,Ancestor,Ancestor
121203,173,8,immigration,M2,0,nalR,Mutant,Mutant
121204,173,8,immigration,F2,437562560.54554,nalR,Plasmid-free,Plasmid-free
121899,174,8,immigration,A1,0,rifR,Ancestor,Ancestor
121900,174,8,immigration,M1,0,rifR,Mutant,Mutant
121901,174,8,immigration,F1,0,rifR,Plasmid-free,Plasmid-free
121902,174,8,immigration,A2,0,nalR,Ancestor,Ancestor
121903,174,8,immigration,M2,0,nalR,Mutant,Mutant
121904,174,8,immigration,F2,916404575.358139,nalR,Plasmid-free,Plasmid-free
122599,175,8,immigration,A1,0,rifR,Ancestor,Ancestor
122600,175,8,immigration,M1,0,rifR,Mutant,Mutant
122601,175,8,immigration,F1,0,rifR,Plasmid-free,Plasmid-free
122602,175,8,immigration,A2,0,nalR,Ancestor,Ancestor
122603,175,8,immigration,M2,0,nalR,Mutant,Mutant
122604,175,8,immigration,F2,1010010010.01,nalR,Plasmid-free,Plasmid-free
123299,176,8,immigration,A1,0,rifR,Ancestor,Ancestor
123300,176,8,immigration,M1,0,rifR,Mutant,Mutant
123301,176,8,immigration,F1,0,rifR,Plasmid-free,Plasmid-free
123302,176,8,immigration,A2,0,nalR,Ancestor,Ancestor
123303,176,8,immigration,M2,0,nalR,Mutant,Mutant
123304,176,8,immigration,F2,1010010010.01,nalR,Plasmid-free,Plasmid-free
123999,177,8,immigration,A1,0,rifR,Ancestor,Ancestor
124000,177,8,immigration,M1,0,rifR,Mutant,Mutant
124001,177,8,immigration,F1,0,rifR,Plasmid-free,Plasmid-free
124002,177,8,immigration,A2,0,nalR,Ancestor,Ancestor
124003,177,8,immigration,M2,0,nalR,Mutant,Mutant
124004,177,8,immigration,F2,1010010010.01,nalR,Plasmid-free,Plasmid-free
124699,178,8,immigration,A1,0,rifR,Ancestor,Ancestor
124700,178,8,immigration,M1,0,rifR,Mutant,Mutant
124701,178,8,immigration,F1,0,rifR,Plasmid-free,Plasmid-free
124702,178,8,immigration,A2,0,nalR,Ancestor,Ancestor
124703,178,8,immigration,M2,0,nalR,Mutant,Mutant
124704,178,8,immigration,F2,1010010010.01,nalR,Plasmid-free,Plasmid-free
125399,179,8,immigration,A1,0,rifR,Ancestor,Ancestor
125400,179,8,immigration,M1,0,rifR,Mutant,Mutant
125401,179,8,immigration,F1,0,rifR,Plasmid-free,Plasmid-free
125402,179,8,immigration,A2,0,nalR,Ancestor,Ancestor
125403,179,8,immigration,M2,0,nalR,Mutant,Mutant
125404,179,8,immigration,F2,1010010010.01,nalR,Plasmid-free,Plasmid-free
126099,180,8,immigration,A1,0,rifR,Ancestor,Ancestor
126100,180,8,immigration,M1,0,rifR,Mutant,Mutant
126101,180,8,immigration,F1,0,rifR,Plasmid-free,Plasmid-free
126102,180,8,immigration,A2,0,nalR,Ancestor,Ancestor
126103,180,8,immigration,M2,0,nalR,Mutant,Mutant
126104,180,8,immigration,F2,1010010010.01,nalR,Plasmid-free,Plasmid-free
126799,181,8,immigration,A1,0,rifR,Ancestor,Ancestor
126800,181,8,immigration,M1,0,rifR,Mutant,Mutant
126801,181,8,immigration,F1,0,rifR,Plasmid-free,Plasmid-free
126802,181,8,immigration,A2,0,nalR,Ancestor,Ancestor
126803,181,8,immigration,M2,0,nalR,Mutant,Mutant
126804,181,8,immigration,F2,1010010010.01,nalR,Plasmid-free,Plasmid-free
127499,182,8,immigration,A1,0,rifR,Ancestor,Ancestor
127500,182,8,immigration,M1,0,rifR,Mutant,Mutant
127501,182,8,immigration,F1,0,rifR,Plasmid-free,Plasmid-free
127502,182,8,immigration,A2,0,nalR,Ancestor,Ancestor
127503,182,8,immigration,M2,0,nalR,Mutant,Mutant
127504,182,8,immigration,F2,1010010010.01,nalR,Plasmid-free,Plasmid-free
128199,183,8,immigration,A1,0,rifR,Ancestor,Ancestor
128200,183,8,immigration,M1,0,rifR,Mutant,Mutant
128201,183,8,immigration,F1,0,rifR,Plasmid-free,Plasmid-free
128202,183,8,immigration,A2,0,nalR,Ancestor,Ancestor
128203,183,8,immigration,M2,0,nalR,Mutant,Mutant
128204,183,8,immigration,F2,1010010010.01,nalR,Plasmid-free,Plasmid-free
128899,184,8,immigration,A1,0,rifR,Ancestor,Ancestor
128900,184,8,immigration,M1,0,rifR,Mutant,Mutant
128901,184,8,immigration,F1,0,rifR,Plasmid-free,Plasmid-free
128902,184,8,immigration,A2,0,nalR,Ancestor,Ancestor
128903,184,8,immigration,M2,0,nalR,Mutant,Mutant
128904,184,8,immigration,F2,1010010010.01,nalR,Plasmid-free,Plasmid-free
129599,185,8,immigration,A1,0,rifR,Ancestor,Ancestor
129600,185,8,immigration,M1,0,rifR,Mutant,Mutant
129601,185,8,immigration,F1,0,rifR,Plasmid-free,Plasmid-free
129602,185,8,immigration,A2,0,nalR,Ancestor,Ancestor
129603,185,8,immigration,M2,0,nalR,Mutant,Mutant
129604,185,8,immigration,F2,1010010010.01,nalR,Plasmid-free,Plasmid-free
130299,186,8,immigration,A1,0,rifR,Ancestor,Ancestor
130300,186,8,immigration,M1,0,rifR,Mutant,Mutant
130301,186,8,immigration,F1,0,rifR,Plasmid-free,Plasmid-free
130302,186,8,immigration,A2,0,nalR,Ancestor,Ancestor
130303,186,8,immigration,M2,0,nalR,Mutant,Mutant
130304,186,8,immigration,F2,1010010010.01,nalR,Plasmid-free,Plasmid-free
130999,187,8,immigration,A1,0,rifR,Ancestor,Ancestor
131000,187,8,immigration,M1,0,rifR,Mutant,Mutant
131001,187,8,immigration,F1,0,rifR,Plasmid-free,Plasmid-free
131002,187,8,immigration,A2,0,nalR,Ancestor,Ancestor
131003,187,8,immigration,M2,0,nalR,Mutant,Mutant
131004,187,8,immigration,F2,1010010010.01,nalR,Plasmid-free,Plasmid-free
131699,188,8,immigration,A1,0,rifR,Ancestor,Ancestor
131700,188,8,immigration,M1,0,rifR,Mutant,Mutant
131701,188,8,immigration,F1,0,rifR,Plasmid-free,Plasmid-free
131702,188,8,immigration,A2,0,nalR,Ancestor,Ancestor
131703,188,8,immigration,M2,0,nalR,Mutant,Mutant
131704,188,8,immigration,F2,1010010010.01,nalR,Plasmid-free,Plasmid-free
132399,189,8,immigration,A1,0,rifR,Ancestor,Ancestor
132400,189,8,immigration,M1,0,rifR,Mutant,Mutant
132401,189,8,immigration,F1,0,rifR,Plasmid-free,Plasmid-free
132402,189,8,immigration,A2,0,nalR,Ancestor,Ancestor
132403,189,8,immigration,M2,0,nalR,Mutant,Mutant
132404,189,8,immigration,F2,1010010010.01,nalR,Plasmid-free,Plasmid-free
133099,190,8,immigration,A1,0,rifR,Ancestor,Ancestor
133100,190,8,immigration,M1,0,rifR,Mutant,Mutant
133101,190,8,immigration,F1,0,rifR,Plasmid-free,Plasmid-free
133102,190,8,immigration,A2,0,nalR,Ancestor,Ancestor
133103,190,8,immigration,M2,0,nalR,Mutant,Mutant
133104,190,8,immigration,F2,1010010010.01,nalR,Plasmid-free,Plasmid-free
133799,191,8,immigration,A1,0,rifR,Ancestor,Ancestor
133800,191,8,immigration,M1,0,rifR,Mutant,Mutant
133801,191,8,immigration,F1,0,rifR,Plasmid-free,Plasmid-free
133802,191,8,immigration,A2,0,nalR,Ancestor,Ancestor
133803,191,8,immigration,M2,0,nalR,Mutant,Mutant
133804,191,8,immigration,F2,1010010010.01,nalR,Plasmid-free,Plasmid-free
134499,192,8,immigration,A1,0,rifR,Ancestor,Ancestor
134500,192,8,immigration,M1,0,rifR,Mutant,Mutant
134501,192,8,immigration,F1,0,rifR,Plasmid-free,Plasmid-free
134502,192,8,immigration,A2,0,nalR,Ancestor,Ancestor
134503,192,8,immigration,M2,0,nalR,Mutant,Mutant
134504,192,8,immigration,F2,1010010010.01,nalR,Plasmid-free,Plasmid-free
